"Year","StockScen","CharScen","RenScen","ElecScen","Var","GHG","Source","Ann. Emissions"
2020,1,"A","RR","LREC","EmGHG",88.586691650616,"Emb. Constr.","Emb. Constr."
2021,1,"A","RR","LREC","EmGHG",89.0246468076464,"Emb. Constr.","Emb. Constr."
2022,1,"A","RR","LREC","EmGHG",89.010226446971,"Emb. Constr.","Emb. Constr."
2023,1,"A","RR","LREC","EmGHG",88.7376558807369,"Emb. Constr.","Emb. Constr."
2024,1,"A","RR","LREC","EmGHG",88.085176954907,"Emb. Constr.","Emb. Constr."
2025,1,"A","RR","LREC","EmGHG",87.2382868065231,"Emb. Constr.","Emb. Constr."
2026,1,"A","RR","LREC","EmGHG",85.9976070522843,"Emb. Constr.","Emb. Constr."
2027,1,"A","RR","LREC","EmGHG",84.6086097485034,"Emb. Constr.","Emb. Constr."
2028,1,"A","RR","LREC","EmGHG",83.1474092986938,"Emb. Constr.","Emb. Constr."
2029,1,"A","RR","LREC","EmGHG",81.5663308390196,"Emb. Constr.","Emb. Constr."
2030,1,"A","RR","LREC","EmGHG",80.0335493211204,"Emb. Constr.","Emb. Constr."
2031,1,"A","RR","LREC","EmGHG",78.5801707989202,"Emb. Constr.","Emb. Constr."
2032,1,"A","RR","LREC","EmGHG",77.1555866149206,"Emb. Constr.","Emb. Constr."
2033,1,"A","RR","LREC","EmGHG",75.7364490223684,"Emb. Constr.","Emb. Constr."
2034,1,"A","RR","LREC","EmGHG",74.416886128173,"Emb. Constr.","Emb. Constr."
2035,1,"A","RR","LREC","EmGHG",73.1072321543898,"Emb. Constr.","Emb. Constr."
2036,1,"A","RR","LREC","EmGHG",71.8635784675221,"Emb. Constr.","Emb. Constr."
2037,1,"A","RR","LREC","EmGHG",70.6680854745326,"Emb. Constr.","Emb. Constr."
2038,1,"A","RR","LREC","EmGHG",69.4689886874411,"Emb. Constr.","Emb. Constr."
2039,1,"A","RR","LREC","EmGHG",68.4384202976019,"Emb. Constr.","Emb. Constr."
2040,1,"A","RR","LREC","EmGHG",67.4991129258941,"Emb. Constr.","Emb. Constr."
2041,1,"A","RR","LREC","EmGHG",66.6795658064305,"Emb. Constr.","Emb. Constr."
2042,1,"A","RR","LREC","EmGHG",66.0141610814717,"Emb. Constr.","Emb. Constr."
2043,1,"A","RR","LREC","EmGHG",65.4480873496957,"Emb. Constr.","Emb. Constr."
2044,1,"A","RR","LREC","EmGHG",64.9931183089035,"Emb. Constr.","Emb. Constr."
2045,1,"A","RR","LREC","EmGHG",64.6806484593056,"Emb. Constr.","Emb. Constr."
2046,1,"A","RR","LREC","EmGHG",64.3686658115576,"Emb. Constr.","Emb. Constr."
2047,1,"A","RR","LREC","EmGHG",64.0976105735109,"Emb. Constr.","Emb. Constr."
2048,1,"A","RR","LREC","EmGHG",63.8740748118167,"Emb. Constr.","Emb. Constr."
2049,1,"A","RR","LREC","EmGHG",63.6757381844097,"Emb. Constr.","Emb. Constr."
2050,1,"A","RR","LREC","EmGHG",63.5048088205094,"Emb. Constr.","Emb. Constr."
2051,1,"A","RR","LREC","EmGHG",63.3388511844013,"Emb. Constr.","Emb. Constr."
2052,1,"A","RR","LREC","EmGHG",63.198148972934,"Emb. Constr.","Emb. Constr."
2053,1,"A","RR","LREC","EmGHG",63.0456101160477,"Emb. Constr.","Emb. Constr."
2054,1,"A","RR","LREC","EmGHG",62.9359640874558,"Emb. Constr.","Emb. Constr."
2055,1,"A","RR","LREC","EmGHG",62.8249622613938,"Emb. Constr.","Emb. Constr."
2056,1,"A","RR","LREC","EmGHG",62.7248692565005,"Emb. Constr.","Emb. Constr."
2057,1,"A","RR","LREC","EmGHG",62.6175299012421,"Emb. Constr.","Emb. Constr."
2058,1,"A","RR","LREC","EmGHG",62.5304241485422,"Emb. Constr.","Emb. Constr."
2059,1,"A","RR","LREC","EmGHG",62.5270916960586,"Emb. Constr.","Emb. Constr."
2060,1,"A","RR","LREC","EmGHG",62.5270916960586,"Emb. Constr.","Emb. Constr."
2020,1,"A","RR","LREC","RenGHG",0,"Emb. Renov.","Emb. Renov."
2021,1,"A","RR","LREC","RenGHG",5.63985362723906,"Emb. Renov.","Emb. Renov."
2022,1,"A","RR","LREC","RenGHG",5.64177081606899,"Emb. Renov.","Emb. Renov."
2023,1,"A","RR","LREC","RenGHG",5.71642808042497,"Emb. Renov.","Emb. Renov."
2024,1,"A","RR","LREC","RenGHG",5.64606548206153,"Emb. Renov.","Emb. Renov."
2025,1,"A","RR","LREC","RenGHG",5.60757314023269,"Emb. Renov.","Emb. Renov."
2026,1,"A","RR","LREC","RenGHG",5.2254213851693,"Emb. Renov.","Emb. Renov."
2027,1,"A","RR","LREC","RenGHG",5.11254480484328,"Emb. Renov.","Emb. Renov."
2028,1,"A","RR","LREC","RenGHG",5.37792428168501,"Emb. Renov.","Emb. Renov."
2029,1,"A","RR","LREC","RenGHG",5.26521371422545,"Emb. Renov.","Emb. Renov."
2030,1,"A","RR","LREC","RenGHG",5.23586777727001,"Emb. Renov.","Emb. Renov."
2031,1,"A","RR","LREC","RenGHG",4.74103116963492,"Emb. Renov.","Emb. Renov."
2032,1,"A","RR","LREC","RenGHG",4.80840000857916,"Emb. Renov.","Emb. Renov."
2033,1,"A","RR","LREC","RenGHG",4.88381273350606,"Emb. Renov.","Emb. Renov."
2034,1,"A","RR","LREC","RenGHG",4.86696605307999,"Emb. Renov.","Emb. Renov."
2035,1,"A","RR","LREC","RenGHG",4.94205016910815,"Emb. Renov.","Emb. Renov."
2036,1,"A","RR","LREC","RenGHG",4.49219807715109,"Emb. Renov.","Emb. Renov."
2037,1,"A","RR","LREC","RenGHG",4.50424725187235,"Emb. Renov.","Emb. Renov."
2038,1,"A","RR","LREC","RenGHG",4.5147862320809,"Emb. Renov.","Emb. Renov."
2039,1,"A","RR","LREC","RenGHG",4.45144394777969,"Emb. Renov.","Emb. Renov."
2040,1,"A","RR","LREC","RenGHG",4.45756632952274,"Emb. Renov.","Emb. Renov."
2041,1,"A","RR","LREC","RenGHG",4.1332060201554,"Emb. Renov.","Emb. Renov."
2042,1,"A","RR","LREC","RenGHG",4.16453661415971,"Emb. Renov.","Emb. Renov."
2043,1,"A","RR","LREC","RenGHG",4.03367190018363,"Emb. Renov.","Emb. Renov."
2044,1,"A","RR","LREC","RenGHG",4.09640610672212,"Emb. Renov.","Emb. Renov."
2045,1,"A","RR","LREC","RenGHG",4.21267422977301,"Emb. Renov.","Emb. Renov."
2046,1,"A","RR","LREC","RenGHG",3.72700007289441,"Emb. Renov.","Emb. Renov."
2047,1,"A","RR","LREC","RenGHG",3.88283537730463,"Emb. Renov.","Emb. Renov."
2048,1,"A","RR","LREC","RenGHG",3.79260866372282,"Emb. Renov.","Emb. Renov."
2049,1,"A","RR","LREC","RenGHG",3.79378876530787,"Emb. Renov.","Emb. Renov."
2050,1,"A","RR","LREC","RenGHG",3.85828345589899,"Emb. Renov.","Emb. Renov."
2051,1,"A","RR","LREC","RenGHG",3.49647210878668,"Emb. Renov.","Emb. Renov."
2052,1,"A","RR","LREC","RenGHG",3.51851582155489,"Emb. Renov.","Emb. Renov."
2053,1,"A","RR","LREC","RenGHG",3.47631453327628,"Emb. Renov.","Emb. Renov."
2054,1,"A","RR","LREC","RenGHG",3.48573430554991,"Emb. Renov.","Emb. Renov."
2055,1,"A","RR","LREC","RenGHG",3.49157316243808,"Emb. Renov.","Emb. Renov."
2056,1,"A","RR","LREC","RenGHG",3.12323218229159,"Emb. Renov.","Emb. Renov."
2057,1,"A","RR","LREC","RenGHG",3.21469342753088,"Emb. Renov.","Emb. Renov."
2058,1,"A","RR","LREC","RenGHG",3.20339555171609,"Emb. Renov.","Emb. Renov."
2059,1,"A","RR","LREC","RenGHG",3.17906855280663,"Emb. Renov.","Emb. Renov."
2060,1,"A","RR","LREC","RenGHG",3.18698116221108,"Emb. Renov.","Emb. Renov."
2020,1,"A","RR","LREC","OldOilGHG",69.4633727498567,"Oil Existing","Oil Existing"
2021,1,"A","RR","LREC","OldOilGHG",67.8380000882295,"Oil Existing","Oil Existing"
2022,1,"A","RR","LREC","OldOilGHG",66.2598669335589,"Oil Existing","Oil Existing"
2023,1,"A","RR","LREC","OldOilGHG",64.72527813801,"Oil Existing","Oil Existing"
2024,1,"A","RR","LREC","OldOilGHG",63.2305385537477,"Oil Existing","Oil Existing"
2025,1,"A","RR","LREC","OldOilGHG",61.7719530329371,"Oil Existing","Oil Existing"
2026,1,"A","RR","LREC","OldOilGHG",60.3451392011988,"Oil Existing","Oil Existing"
2027,1,"A","RR","LREC","OldOilGHG",58.9429657779755,"Oil Existing","Oil Existing"
2028,1,"A","RR","LREC","OldOilGHG",57.5576142561655,"Oil Existing","Oil Existing"
2029,1,"A","RR","LREC","OldOilGHG",56.1812661286674,"Oil Existing","Oil Existing"
2030,1,"A","RR","LREC","OldOilGHG",54.8061028883793,"Oil Existing","Oil Existing"
2031,1,"A","RR","LREC","OldOilGHG",53.4277421609219,"Oil Existing","Oil Existing"
2032,1,"A","RR","LREC","OldOilGHG",52.0555461028047,"Oil Existing","Oil Existing"
2033,1,"A","RR","LREC","OldOilGHG",50.7023130032593,"Oil Existing","Oil Existing"
2034,1,"A","RR","LREC","OldOilGHG",49.3808411515174,"Oil Existing","Oil Existing"
2035,1,"A","RR","LREC","OldOilGHG",48.1039288368107,"Oil Existing","Oil Existing"
2036,1,"A","RR","LREC","OldOilGHG",46.8803684235779,"Oil Existing","Oil Existing"
2037,1,"A","RR","LREC","OldOilGHG",45.7029285770853,"Oil Existing","Oil Existing"
2038,1,"A","RR","LREC","OldOilGHG",44.5603720378061,"Oil Existing","Oil Existing"
2039,1,"A","RR","LREC","OldOilGHG",43.4414615462138,"Oil Existing","Oil Existing"
2040,1,"A","RR","LREC","OldOilGHG",42.3349598427815,"Oil Existing","Oil Existing"
2041,1,"A","RR","LREC","OldOilGHG",41.2334967351899,"Oil Existing","Oil Existing"
2042,1,"A","RR","LREC","OldOilGHG",40.1451702999483,"Oil Existing","Oil Existing"
2043,1,"A","RR","LREC","OldOilGHG",39.0819456807733,"Oil Existing","Oil Existing"
2044,1,"A","RR","LREC","OldOilGHG",38.0557880213817,"Oil Existing","Oil Existing"
2045,1,"A","RR","LREC","OldOilGHG",37.0786624654901,"Oil Existing","Oil Existing"
2046,1,"A","RR","LREC","OldOilGHG",36.1590552265566,"Oil Existing","Oil Existing"
2047,1,"A","RR","LREC","OldOilGHG",35.2915367970051,"Oil Existing","Oil Existing"
2048,1,"A","RR","LREC","OldOilGHG",34.4671987390011,"Oil Existing","Oil Existing"
2049,1,"A","RR","LREC","OldOilGHG",33.6771326147099,"Oil Existing","Oil Existing"
2050,1,"A","RR","LREC","OldOilGHG",32.912429986297,"Oil Existing","Oil Existing"
2051,1,"A","RR","LREC","OldOilGHG",32.1663913862888,"Oil Existing","Oil Existing"
2052,1,"A","RR","LREC","OldOilGHG",31.4411532286559,"Oil Existing","Oil Existing"
2053,1,"A","RR","LREC","OldOilGHG",30.74106089773,"Oil Existing","Oil Existing"
2054,1,"A","RR","LREC","OldOilGHG",30.0704597778426,"Oil Existing","Oil Existing"
2055,1,"A","RR","LREC","OldOilGHG",29.4336952533255,"Oil Existing","Oil Existing"
2056,1,"A","RR","LREC","OldOilGHG",28.8346709144381,"Oil Existing","Oil Existing"
2057,1,"A","RR","LREC","OldOilGHG",28.275523175151,"Oil Existing","Oil Existing"
2058,1,"A","RR","LREC","OldOilGHG",27.7579466553626,"Oil Existing","Oil Existing"
2059,1,"A","RR","LREC","OldOilGHG",27.2836359749713,"Oil Existing","Oil Existing"
2060,1,"A","RR","LREC","OldOilGHG",26.8542857538755,"Oil Existing","Oil Existing"
2020,1,"A","RR","LREC","NewOilGHG",0,"Oil New","Oil New"
2021,1,"A","RR","LREC","NewOilGHG",0.191763887721666,"Oil New","Oil New"
2022,1,"A","RR","LREC","NewOilGHG",0.391920753146643,"Oil New","Oil New"
2023,1,"A","RR","LREC","NewOilGHG",0.598086275050728,"Oil New","Oil New"
2024,1,"A","RR","LREC","NewOilGHG",0.807876132209718,"Oil New","Oil New"
2025,1,"A","RR","LREC","NewOilGHG",1.01890600339941,"Oil New","Oil New"
2026,1,"A","RR","LREC","NewOilGHG",1.22840980274966,"Oil New","Oil New"
2027,1,"A","RR","LREC","NewOilGHG",1.43209438580659,"Oil New","Oil New"
2028,1,"A","RR","LREC","NewOilGHG",1.62528484347037,"Oil New","Oil New"
2029,1,"A","RR","LREC","NewOilGHG",1.8033062666412,"Oil New","Oil New"
2030,1,"A","RR","LREC","NewOilGHG",1.96148374621923,"Oil New","Oil New"
2031,1,"A","RR","LREC","NewOilGHG",2.09705119633435,"Oil New","Oil New"
2032,1,"A","RR","LREC","NewOilGHG",2.21487782403512,"Oil New","Oil New"
2033,1,"A","RR","LREC","NewOilGHG",2.32174165959981,"Oil New","Oil New"
2034,1,"A","RR","LREC","NewOilGHG",2.4244207333067,"Oil New","Oil New"
2035,1,"A","RR","LREC","NewOilGHG",2.52969307543403,"Oil New","Oil New"
2036,1,"A","RR","LREC","NewOilGHG",2.64236631500318,"Oil New","Oil New"
2037,1,"A","RR","LREC","NewOilGHG",2.75936647600791,"Oil New","Oil New"
2038,1,"A","RR","LREC","NewOilGHG",2.87564918118507,"Oil New","Oil New"
2039,1,"A","RR","LREC","NewOilGHG",2.98617005327154,"Oil New","Oil New"
2040,1,"A","RR","LREC","NewOilGHG",3.08588471500418,"Oil New","Oil New"
2041,1,"A","RR","LREC","NewOilGHG",3.17135327193274,"Oil New","Oil New"
2042,1,"A","RR","LREC","NewOilGHG",3.24555376085861,"Oil New","Oil New"
2043,1,"A","RR","LREC","NewOilGHG",3.31306870139607,"Oil New","Oil New"
2044,1,"A","RR","LREC","NewOilGHG",3.37848061315939,"Oil New","Oil New"
2045,1,"A","RR","LREC","NewOilGHG",3.44637201576285,"Oil New","Oil New"
2046,1,"A","RR","LREC","NewOilGHG",3.51992871043159,"Oil New","Oil New"
2047,1,"A","RR","LREC","NewOilGHG",3.59674962483407,"Oil New","Oil New"
2048,1,"A","RR","LREC","NewOilGHG",3.67303696824965,"Oil New","Oil New"
2049,1,"A","RR","LREC","NewOilGHG",3.74499294995764,"Oil New","Oil New"
2050,1,"A","RR","LREC","NewOilGHG",3.80881977923739,"Oil New","Oil New"
2051,1,"A","RR","LREC","NewOilGHG",3.86180949388385,"Oil New","Oil New"
2052,1,"A","RR","LREC","NewOilGHG",3.90561344575454,"Oil New","Oil New"
2053,1,"A","RR","LREC","NewOilGHG",3.94297281522261,"Oil New","Oil New"
2054,1,"A","RR","LREC","NewOilGHG",3.97662878266121,"Oil New","Oil New"
2055,1,"A","RR","LREC","NewOilGHG",4.00932252844347,"Oil New","Oil New"
2056,1,"A","RR","LREC","NewOilGHG",4.04357726723943,"Oil New","Oil New"
2057,1,"A","RR","LREC","NewOilGHG",4.08104435090659,"Oil New","Oil New"
2058,1,"A","RR","LREC","NewOilGHG",4.12315716559934,"Oil New","Oil New"
2059,1,"A","RR","LREC","NewOilGHG",4.17134909747207,"Oil New","Oil New"
2060,1,"A","RR","LREC","NewOilGHG",4.22705353267914,"Oil New","Oil New"
2020,1,"A","RR","LREC","OldGasGHG",261.936924645379,"Gas Existing","Gas Existing"
2021,1,"A","RR","LREC","OldGasGHG",257.792893352619,"Gas Existing","Gas Existing"
2022,1,"A","RR","LREC","OldGasGHG",253.687498664926,"Gas Existing","Gas Existing"
2023,1,"A","RR","LREC","OldGasGHG",249.621888602661,"Gas Existing","Gas Existing"
2024,1,"A","RR","LREC","OldGasGHG",245.597211186183,"Gas Existing","Gas Existing"
2025,1,"A","RR","LREC","OldGasGHG",241.614614435853,"Gas Existing","Gas Existing"
2026,1,"A","RR","LREC","OldGasGHG",237.675693213119,"Gas Existing","Gas Existing"
2027,1,"A","RR","LREC","OldGasGHG",233.783829743788,"Gas Existing","Gas Existing"
2028,1,"A","RR","LREC","OldGasGHG",229.942853094754,"Gas Existing","Gas Existing"
2029,1,"A","RR","LREC","OldGasGHG",226.15659233291,"Gas Existing","Gas Existing"
2030,1,"A","RR","LREC","OldGasGHG",222.428876525152,"Gas Existing","Gas Existing"
2031,1,"A","RR","LREC","OldGasGHG",218.761300532929,"Gas Existing","Gas Existing"
2032,1,"A","RR","LREC","OldGasGHG",215.146522395907,"Gas Existing","Gas Existing"
2033,1,"A","RR","LREC","OldGasGHG",211.574965948311,"Gas Existing","Gas Existing"
2034,1,"A","RR","LREC","OldGasGHG",208.037055024361,"Gas Existing","Gas Existing"
2035,1,"A","RR","LREC","OldGasGHG",204.52321345828,"Gas Existing","Gas Existing"
2036,1,"A","RR","LREC","OldGasGHG",201.026704921153,"Gas Existing","Gas Existing"
2037,1,"A","RR","LREC","OldGasGHG",197.552152431511,"Gas Existing","Gas Existing"
2038,1,"A","RR","LREC","OldGasGHG",194.10701884475,"Gas Existing","Gas Existing"
2039,1,"A","RR","LREC","OldGasGHG",190.698767016262,"Gas Existing","Gas Existing"
2040,1,"A","RR","LREC","OldGasGHG",187.334859801443,"Gas Existing","Gas Existing"
2041,1,"A","RR","LREC","OldGasGHG",184.022145855577,"Gas Existing","Gas Existing"
2042,1,"A","RR","LREC","OldGasGHG",180.765017033513,"Gas Existing","Gas Existing"
2043,1,"A","RR","LREC","OldGasGHG",177.567250989989,"Gas Existing","Gas Existing"
2044,1,"A","RR","LREC","OldGasGHG",174.432625379745,"Gas Existing","Gas Existing"
2045,1,"A","RR","LREC","OldGasGHG",171.364917857519,"Gas Existing","Gas Existing"
2046,1,"A","RR","LREC","OldGasGHG",168.367616657719,"Gas Existing","Gas Existing"
2047,1,"A","RR","LREC","OldGasGHG",165.44305233342,"Gas Existing","Gas Existing"
2048,1,"A","RR","LREC","OldGasGHG",162.593266017368,"Gas Existing","Gas Existing"
2049,1,"A","RR","LREC","OldGasGHG",159.820298842308,"Gas Existing","Gas Existing"
2050,1,"A","RR","LREC","OldGasGHG",157.126191940984,"Gas Existing","Gas Existing"
2051,1,"A","RR","LREC","OldGasGHG",154.511940038663,"Gas Existing","Gas Existing"
2052,1,"A","RR","LREC","OldGasGHG",151.974352230702,"Gas Existing","Gas Existing"
2053,1,"A","RR","LREC","OldGasGHG",149.50919120498,"Gas Existing","Gas Existing"
2054,1,"A","RR","LREC","OldGasGHG",147.112219649377,"Gas Existing","Gas Existing"
2055,1,"A","RR","LREC","OldGasGHG",144.779200251771,"Gas Existing","Gas Existing"
2056,1,"A","RR","LREC","OldGasGHG",142.506104981538,"Gas Existing","Gas Existing"
2057,1,"A","RR","LREC","OldGasGHG",140.289742934034,"Gas Existing","Gas Existing"
2058,1,"A","RR","LREC","OldGasGHG",138.127132486113,"Gas Existing","Gas Existing"
2059,1,"A","RR","LREC","OldGasGHG",136.015292014625,"Gas Existing","Gas Existing"
2060,1,"A","RR","LREC","OldGasGHG",133.951239896423,"Gas Existing","Gas Existing"
2020,1,"A","RR","LREC","NewGasGHG",0,"Gas New","Gas New"
2021,1,"A","RR","LREC","NewGasGHG",1.83157202646988,"Gas New","Gas New"
2022,1,"A","RR","LREC","NewGasGHG",3.75228165199038,"Gas New","Gas New"
2023,1,"A","RR","LREC","NewGasGHG",5.73965155235688,"Gas New","Gas New"
2024,1,"A","RR","LREC","NewGasGHG",7.77120440336474,"Gas New","Gas New"
2025,1,"A","RR","LREC","NewGasGHG",9.82446288080933,"Gas New","Gas New"
2026,1,"A","RR","LREC","NewGasGHG",11.8737719042675,"Gas New","Gas New"
2027,1,"A","RR","LREC","NewGasGHG",13.8807653684423,"Gas New","Gas New"
2028,1,"A","RR","LREC","NewGasGHG",15.8038994118179,"Gas New","Gas New"
2029,1,"A","RR","LREC","NewGasGHG",17.601630172879,"Gas New","Gas New"
2030,1,"A","RR","LREC","NewGasGHG",19.2324137901098,"Gas New","Gas New"
2031,1,"A","RR","LREC","NewGasGHG",20.6705951830874,"Gas New","Gas New"
2032,1,"A","RR","LREC","NewGasGHG",21.9540743957583,"Gas New","Gas New"
2033,1,"A","RR","LREC","NewGasGHG",23.1366402531617,"Gas New","Gas New"
2034,1,"A","RR","LREC","NewGasGHG",24.2720815803368,"Gas New","Gas New"
2035,1,"A","RR","LREC","NewGasGHG",25.4141872023228,"Gas New","Gas New"
2036,1,"A","RR","LREC","NewGasGHG",26.6021569756562,"Gas New","Gas New"
2037,1,"A","RR","LREC","NewGasGHG",27.8168348828633,"Gas New","Gas New"
2038,1,"A","RR","LREC","NewGasGHG",29.0244759379679,"Gas New","Gas New"
2039,1,"A","RR","LREC","NewGasGHG",30.1913351549937,"Gas New","Gas New"
2040,1,"A","RR","LREC","NewGasGHG",31.2836675479644,"Gas New","Gas New"
2041,1,"A","RR","LREC","NewGasGHG",32.2784390073197,"Gas New","Gas New"
2042,1,"A","RR","LREC","NewGasGHG",33.1954589291629,"Gas New","Gas New"
2043,1,"A","RR","LREC","NewGasGHG",34.0652475860129,"Gas New","Gas New"
2044,1,"A","RR","LREC","NewGasGHG",34.918325250389,"Gas New","Gas New"
2045,1,"A","RR","LREC","NewGasGHG",35.7852121948103,"Gas New","Gas New"
2046,1,"A","RR","LREC","NewGasGHG",36.6861709275815,"Gas New","Gas New"
2047,1,"A","RR","LREC","NewGasGHG",37.6004329001504,"Gas New","Gas New"
2048,1,"A","RR","LREC","NewGasGHG",38.4969717997501,"Gas New","Gas New"
2049,1,"A","RR","LREC","NewGasGHG",39.3447613136141,"Gas New","Gas New"
2050,1,"A","RR","LREC","NewGasGHG",40.1127751289756,"Gas New","Gas New"
2051,1,"A","RR","LREC","NewGasGHG",40.7791383451285,"Gas New","Gas New"
2052,1,"A","RR","LREC","NewGasGHG",41.3585817096095,"Gas New","Gas New"
2053,1,"A","RR","LREC","NewGasGHG",41.8749873820159,"Gas New","Gas New"
2054,1,"A","RR","LREC","NewGasGHG",42.3522375219448,"Gas New","Gas New"
2055,1,"A","RR","LREC","NewGasGHG",42.8142142889935,"Gas New","Gas New"
2056,1,"A","RR","LREC","NewGasGHG",43.2829695603472,"Gas New","Gas New"
2057,1,"A","RR","LREC","NewGasGHG",43.7732340835424,"Gas New","Gas New"
2058,1,"A","RR","LREC","NewGasGHG",44.2979083237037,"Gas New","Gas New"
2059,1,"A","RR","LREC","NewGasGHG",44.8698927459554,"Gas New","Gas New"
2060,1,"A","RR","LREC","NewGasGHG",45.502087815422,"Gas New","Gas New"
2020,1,"A","RR","LREC","OldElecGHG",475.972531858204,"Elec Existing","Elec Existing"
2021,1,"A","RR","LREC","OldElecGHG",476.856635049883,"Elec Existing","Elec Existing"
2022,1,"A","RR","LREC","OldElecGHG",470.146067127078,"Elec Existing","Elec Existing"
2023,1,"A","RR","LREC","OldElecGHG",456.900152327484,"Elec Existing","Elec Existing"
2024,1,"A","RR","LREC","OldElecGHG",438.178214888801,"Elec Existing","Elec Existing"
2025,1,"A","RR","LREC","OldElecGHG",415.039579048723,"Elec Existing","Elec Existing"
2026,1,"A","RR","LREC","OldElecGHG",388.619432957624,"Elec Existing","Elec Existing"
2027,1,"A","RR","LREC","OldElecGHG",360.356420416568,"Elec Existing","Elec Existing"
2028,1,"A","RR","LREC","OldElecGHG",331.765049139297,"Elec Existing","Elec Existing"
2029,1,"A","RR","LREC","OldElecGHG",304.359826839551,"Elec Existing","Elec Existing"
2030,1,"A","RR","LREC","OldElecGHG",279.65526123107,"Elec Existing","Elec Existing"
2031,1,"A","RR","LREC","OldElecGHG",258.786540464224,"Elec Existing","Elec Existing"
2032,1,"A","RR","LREC","OldElecGHG",241.371574435909,"Elec Existing","Elec Existing"
2033,1,"A","RR","LREC","OldElecGHG",226.648953479649,"Elec Existing","Elec Existing"
2034,1,"A","RR","LREC","OldElecGHG",213.857267928968,"Elec Existing","Elec Existing"
2035,1,"A","RR","LREC","OldElecGHG",202.235108117393,"Elec Existing","Elec Existing"
2036,1,"A","RR","LREC","OldElecGHG",191.140989607214,"Elec Existing","Elec Existing"
2037,1,"A","RR","LREC","OldElecGHG",180.413128875786,"Elec Existing","Elec Existing"
2038,1,"A","RR","LREC","OldElecGHG",170.009667629229,"Elec Existing","Elec Existing"
2039,1,"A","RR","LREC","OldElecGHG",159.888747573665,"Elec Existing","Elec Existing"
2040,1,"A","RR","LREC","OldElecGHG",150.008510415215,"Elec Existing","Elec Existing"
2041,1,"A","RR","LREC","OldElecGHG",140.36100521756,"Elec Existing","Elec Existing"
2042,1,"A","RR","LREC","OldElecGHG",131.073910474626,"Elec Existing","Elec Existing"
2043,1,"A","RR","LREC","OldElecGHG",122.308812037898,"Elec Existing","Elec Existing"
2044,1,"A","RR","LREC","OldElecGHG",114.22729575886,"Elec Existing","Elec Existing"
2045,1,"A","RR","LREC","OldElecGHG",106.990947489,"Elec Existing","Elec Existing"
2046,1,"A","RR","LREC","OldElecGHG",100.718010433898,"Elec Existing","Elec Existing"
2047,1,"A","RR","LREC","OldElecGHG",95.3533572155168,"Elec Existing","Elec Existing"
2048,1,"A","RR","LREC","OldElecGHG",90.798517809917,"Elec Existing","Elec Existing"
2049,1,"A","RR","LREC","OldElecGHG",86.9550221931576,"Elec Existing","Elec Existing"
2050,1,"A","RR","LREC","OldElecGHG",83.7244003412978,"Elec Existing","Elec Existing"
2051,1,"A","RR","LREC","OldElecGHG",81.0064179417945,"Elec Existing","Elec Existing"
2052,1,"A","RR","LREC","OldElecGHG",78.6937835276945,"Elec Existing","Elec Existing"
2053,1,"A","RR","LREC","OldElecGHG",76.6774413434423,"Elec Existing","Elec Existing"
2054,1,"A","RR","LREC","OldElecGHG",74.8483356334821,"Elec Existing","Elec Existing"
2055,1,"A","RR","LREC","OldElecGHG",73.0974106422583,"Elec Existing","Elec Existing"
2056,1,"A","RR","LREC","OldElecGHG",71.3159634719358,"Elec Existing","Elec Existing"
2057,1,"A","RR","LREC","OldElecGHG",69.3967026555614,"Elec Existing","Elec Existing"
2058,1,"A","RR","LREC","OldElecGHG",67.2326895839025,"Elec Existing","Elec Existing"
2059,1,"A","RR","LREC","OldElecGHG",64.7169856477265,"Elec Existing","Elec Existing"
2060,1,"A","RR","LREC","OldElecGHG",61.7426522378006,"Elec Existing","Elec Existing"
2020,1,"A","RR","LREC","NewElecGHG",0,"Elec New","Elec New"
2021,1,"A","RR","LREC","NewElecGHG",8.11183290761715,"Elec New","Elec New"
2022,1,"A","RR","LREC","NewElecGHG",15.0571013956227,"Elec New","Elec New"
2023,1,"A","RR","LREC","NewElecGHG",20.9347352759706,"Elec New","Elec New"
2024,1,"A","RR","LREC","NewElecGHG",25.8436643606149,"Elec New","Elec New"
2025,1,"A","RR","LREC","NewElecGHG",29.8828184615098,"Elec New","Elec New"
2026,1,"A","RR","LREC","NewElecGHG",33.1539735690948,"Elec New","Elec New"
2027,1,"A","RR","LREC","NewElecGHG",35.7702903877522,"Elec New","Elec New"
2028,1,"A","RR","LREC","NewElecGHG",37.8477758003497,"Elec New","Elec New"
2029,1,"A","RR","LREC","NewElecGHG",39.5024366897553,"Elec New","Elec New"
2030,1,"A","RR","LREC","NewElecGHG",40.8502799388367,"Elec New","Elec New"
2031,1,"A","RR","LREC","NewElecGHG",41.9930815380336,"Elec New","Elec New"
2032,1,"A","RR","LREC","NewElecGHG",42.9756939080731,"Elec New","Elec New"
2033,1,"A","RR","LREC","NewElecGHG",43.8287385772541,"Elec New","Elec New"
2034,1,"A","RR","LREC","NewElecGHG",44.5828370738756,"Elec New","Elec New"
2035,1,"A","RR","LREC","NewElecGHG",45.2686109262365,"Elec New","Elec New"
2036,1,"A","RR","LREC","NewElecGHG",45.8986409242749,"Elec New","Elec New"
2037,1,"A","RR","LREC","NewElecGHG",46.4133449044846,"Elec New","Elec New"
2038,1,"A","RR","LREC","NewElecGHG",46.7350999649987,"Elec New","Elec New"
2039,1,"A","RR","LREC","NewElecGHG",46.7862832039504,"Elec New","Elec New"
2040,1,"A","RR","LREC","NewElecGHG",46.4892717194725,"Elec New","Elec New"
2041,1,"A","RR","LREC","NewElecGHG",45.8010712019101,"Elec New","Elec New"
2042,1,"A","RR","LREC","NewElecGHG",44.8172017104563,"Elec New","Elec New"
2043,1,"A","RR","LREC","NewElecGHG",43.6678118965163,"Elec New","Elec New"
2044,1,"A","RR","LREC","NewElecGHG",42.483050411495,"Elec New","Elec New"
2045,1,"A","RR","LREC","NewElecGHG",41.3930659067975,"Elec New","Elec New"
2046,1,"A","RR","LREC","NewElecGHG",40.5062033761782,"Elec New","Elec New"
2047,1,"A","RR","LREC","NewElecGHG",39.8435931827882,"Elec New","Elec New"
2048,1,"A","RR","LREC","NewElecGHG",39.404562032128,"Elec New","Elec New"
2049,1,"A","RR","LREC","NewElecGHG",39.1884366296979,"Elec New","Elec New"
2050,1,"A","RR","LREC","NewElecGHG",39.1945436809984,"Elec New","Elec New"
2051,1,"A","RR","LREC","NewElecGHG",39.4120442416751,"Elec New","Elec New"
2052,1,"A","RR","LREC","NewElecGHG",39.7894367679551,"Elec New","Elec New"
2053,1,"A","RR","LREC","NewElecGHG",40.2650540662106,"Elec New","Elec New"
2054,1,"A","RR","LREC","NewElecGHG",40.7772289428139,"Elec New","Elec New"
2055,1,"A","RR","LREC","NewElecGHG",41.2642942041373,"Elec New","Elec New"
2056,1,"A","RR","LREC","NewElecGHG",41.666615786524,"Elec New","Elec New"
2057,1,"A","RR","LREC","NewElecGHG",41.932692146201,"Elec New","Elec New"
2058,1,"A","RR","LREC","NewElecGHG",42.0130548693663,"Elec New","Elec New"
2059,1,"A","RR","LREC","NewElecGHG",41.8582355422176,"Elec New","Elec New"
2060,1,"A","RR","LREC","NewElecGHG",41.418765750953,"Elec New","Elec New"
