"Year","EnGHG","StockScen","CharScen","RenScen","ElecScen","EmGHG","RenGHG","TotGHG","Housing_Scenario","New House Chars","StockScenario","UniqScen","ElecRen","Elec_Ren Scen","DiffGHG","Strategy"
2020,808.232095449661,"1","A","NR","G20",88.586691650616,0,896.818787100277,"No Ren., 2020 Elec Grid","A. Base","1 Baseline","1_A_NR_G20","G20_NR",NA,5.6843418860808e-13,"0. Mid-Case Electricity Supply"
2021,811.040498946765,"1","A","NR","G20",89.0246468076464,0,900.065145754411,"No Ren., 2020 Elec Grid","A. Base","1 Baseline","1_A_NR_G20","G20_NR",NA,-11.3495808802559,"0. Mid-Case Electricity Supply"
2022,813.904693472537,"1","A","NR","G20",89.010226446971,0,902.914919919508,"No Ren., 2020 Elec Grid","A. Base","1 Baseline","1_A_NR_G20","G20_NR",NA,-16.8298334813719,"0. Mid-Case Electricity Supply"
2023,816.791423806497,"1","A","NR","G20",88.7376558807369,0,905.529079687234,"No Ren., 2020 Elec Grid","A. Base","1 Baseline","1_A_NR_G20","G20_NR",NA,-17.1587164769048,"0. Mid-Case Electricity Supply"
2024,819.667434728163,"1","A","NR","G20",88.085176954907,0,907.75261168307,"No Ren., 2020 Elec Grid","A. Base","1 Baseline","1_A_NR_G20","G20_NR",NA,-13.0541885404109,"0. Mid-Case Electricity Supply"
2025,822.499471017053,"1","A","NR","G20",87.2382868065231,0,909.737757823576,"No Ren., 2020 Elec Grid","A. Base","1 Baseline","1_A_NR_G20","G20_NR",NA,-5.23420834544709,"0. Mid-Case Electricity Supply"
2026,825.250907734921,"1","A","NR","G20",85.9976070522843,0,911.248514787206,"No Ren., 2020 Elec Grid","A. Base","1 Baseline","1_A_NR_G20","G20_NR",NA,5.5212829813579,"0. Mid-Case Electricity Supply"
2027,827.87164107246,"1","A","NR","G20",84.6086097485034,0,912.480250820964,"No Ren., 2020 Elec Grid","A. Base","1 Baseline","1_A_NR_G20","G20_NR",NA,18.1844145010874,"0. Mid-Case Electricity Supply"
2028,830.308197502599,"1","A","NR","G20",83.1474092986938,0,913.455606801293,"No Ren., 2020 Elec Grid","A. Base","1 Baseline","1_A_NR_G20","G20_NR",NA,31.6653328217526,"0. Mid-Case Electricity Supply"
2029,832.507103498266,"1","A","NR","G20",81.5663308390196,0,914.073434337286,"No Ren., 2020 Elec Grid","A. Base","1 Baseline","1_A_NR_G20","G20_NR",NA,44.8741845513648,"0. Mid-Case Electricity Supply"
2030,834.41488553239,"1","A","NR","G20",80.0335493211204,0,914.44843485351,"No Ren., 2020 Elec Grid","A. Base","1 Baseline","1_A_NR_G20","G20_NR",NA,56.7211162979354,"0. Mid-Case Electricity Supply"
2031,835.994918666723,"1","A","NR","G20",78.5801707989202,0,914.575089465643,"No Ren., 2020 Elec Grid","A. Base","1 Baseline","1_A_NR_G20","G20_NR",NA,66.4261869348355,"0. Mid-Case Electricity Supply"
2032,837.27797231832,"1","A","NR","G20",77.1555866149206,0,914.43355893324,"No Ren., 2020 Elec Grid","A. Base","1 Baseline","1_A_NR_G20","G20_NR",NA,74.4491043968764,"0. Mid-Case Electricity Supply"
2033,838.311664493057,"1","A","NR","G20",75.7364490223684,0,914.048113515426,"No Ren., 2020 Elec Grid","A. Base","1 Baseline","1_A_NR_G20","G20_NR",NA,81.5594888842293,"0. Mid-Case Electricity Supply"
2034,839.143613196813,"1","A","NR","G20",74.416886128173,0,913.560499324986,"No Ren., 2020 Elec Grid","A. Base","1 Baseline","1_A_NR_G20","G20_NR",NA,88.5269605970652,"0. Mid-Case Electricity Supply"
2035,839.821436435466,"1","A","NR","G20",73.1072321543898,0,912.928668589856,"No Ren., 2020 Elec Grid","A. Base","1 Baseline","1_A_NR_G20","G20_NR",NA,96.1211397355554,"0. Mid-Case Electricity Supply"
2036,840.378764836826,"1","A","NR","G20",71.8635784675221,0,912.242343304348,"No Ren., 2020 Elec Grid","A. Base","1 Baseline","1_A_NR_G20","G20_NR",NA,104.9342677287,"0. Mid-Case Electricity Supply"
2037,840.793279516434,"1","A","NR","G20",70.6680854745326,0,911.461364990967,"No Ren., 2020 Elec Grid","A. Base","1 Baseline","1_A_NR_G20","G20_NR",NA,114.849070920812,"0. Mid-Case Electricity Supply"
2038,841.028674211766,"1","A","NR","G20",69.4689886874411,0,910.497662899207,"No Ren., 2020 Elec Grid","A. Base","1 Baseline","1_A_NR_G20","G20_NR",NA,125.570896885035,"0. Mid-Case Electricity Supply"
2039,841.048642660295,"1","A","NR","G20",68.4384202976019,0,909.487062957897,"No Ren., 2020 Elec Grid","A. Base","1 Baseline","1_A_NR_G20","G20_NR",NA,136.805093194512,"0. Mid-Case Electricity Supply"
2040,840.816878599496,"1","A","NR","G20",67.4991129258941,0,908.31599152539,"No Ren., 2020 Elec Grid","A. Base","1 Baseline","1_A_NR_G20","G20_NR",NA,148.257007422385,"0. Mid-Case Electricity Supply"
2041,840.315007671403,"1","A","NR","G20",66.6795658064305,0,906.994573477833,"No Ren., 2020 Elec Grid","A. Base","1 Baseline","1_A_NR_G20","G20_NR",NA,159.708484839844,"0. Mid-Case Electricity Supply"
2042,839.596383136283,"1","A","NR","G20",66.0141610814717,0,905.610544217755,"No Ren., 2020 Elec Grid","A. Base","1 Baseline","1_A_NR_G20","G20_NR",NA,171.247361510269,"0. Mid-Case Electricity Supply"
2043,838.732290158965,"1","A","NR","G20",65.4480873496957,0,904.18037750866,"No Ren., 2020 Elec Grid","A. Base","1 Baseline","1_A_NR_G20","G20_NR",NA,183.037971195088,"0. Mid-Case Electricity Supply"
2044,837.794013904274,"1","A","NR","G20",64.9931183089035,0,902.787132213178,"No Ren., 2020 Elec Grid","A. Base","1 Baseline","1_A_NR_G20","G20_NR",NA,195.244647655727,"0. Mid-Case Electricity Supply"
2045,836.85283953704,"1","A","NR","G20",64.6806484593056,0,901.533487996345,"No Ren., 2020 Elec Grid","A. Base","1 Baseline","1_A_NR_G20","G20_NR",NA,208.031724653615,"0. Mid-Case Electricity Supply"
2046,835.961995784518,"1","A","NR","G20",64.3686658115576,0,900.330661596076,"No Ren., 2020 Elec Grid","A. Base","1 Baseline","1_A_NR_G20","G20_NR",NA,221.414481870615,"0. Mid-Case Electricity Supply"
2047,835.10248562369,"1","A","NR","G20",64.0976105735109,0,899.200096197201,"No Ren., 2020 Elec Grid","A. Base","1 Baseline","1_A_NR_G20","G20_NR",NA,234.811982670344,"0. Mid-Case Electricity Supply"
2048,834.237255593965,"1","A","NR","G20",63.8740748118167,0,898.111330405782,"No Ren., 2020 Elec Grid","A. Base","1 Baseline","1_A_NR_G20","G20_NR",NA,247.494236336854,"0. Mid-Case Electricity Supply"
2049,833.329252234753,"1","A","NR","G20",63.6757381844097,0,897.004990419163,"No Ren., 2020 Elec Grid","A. Base","1 Baseline","1_A_NR_G20","G20_NR",NA,258.731252154197,"0. Mid-Case Electricity Supply"
2050,832.341422085464,"1","A","NR","G20",63.5048088205094,0,895.846230905974,"No Ren., 2020 Elec Grid","A. Base","1 Baseline","1_A_NR_G20","G20_NR",NA,267.793039406429,"0. Mid-Case Electricity Supply"
2051,831.248281450836,"1","A","NR","G20",63.3388511844013,0,894.587132635237,"No Ren., 2020 Elec Grid","A. Base","1 Baseline","1_A_NR_G20","G20_NR",NA,274.174859497408,"0. Mid-Case Electricity Supply"
2052,830.07062569691,"1","A","NR","G20",63.198148972934,0,893.268774669844,"No Ren., 2020 Elec Grid","A. Base","1 Baseline","1_A_NR_G20","G20_NR",NA,278.272982310234,"0. Mid-Case Electricity Supply"
2053,828.840819955056,"1","A","NR","G20",63.0456101160477,0,891.886430071103,"No Ren., 2020 Elec Grid","A. Base","1 Baseline","1_A_NR_G20","G20_NR",NA,280.708929847812,"0. Mid-Case Electricity Supply"
2054,827.591229356643,"1","A","NR","G20",62.9359640874558,0,890.527193444099,"No Ren., 2020 Elec Grid","A. Base","1 Baseline","1_A_NR_G20","G20_NR",NA,282.104224113046,"0. Mid-Case Electricity Supply"
2055,826.354219033041,"1","A","NR","G20",62.8249622613938,0,889.179181294435,"No Ren., 2020 Elec Grid","A. Base","1 Baseline","1_A_NR_G20","G20_NR",NA,283.080387108844,"0. Mid-Case Electricity Supply"
2056,825.159840162553,"1","A","NR","G20",62.7248692565005,0,887.884709419054,"No Ren., 2020 Elec Grid","A. Base","1 Baseline","1_A_NR_G20","G20_NR",NA,284.21389041415,"0. Mid-Case Electricity Supply"
2057,824.028888111223,"1","A","NR","G20",62.6175299012421,0,886.646418012465,"No Ren., 2020 Elec Grid","A. Base","1 Baseline","1_A_NR_G20","G20_NR",NA,285.901003912059,"0. Mid-Case Electricity Supply"
2058,822.979844292028,"1","A","NR","G20",62.5304241485422,0,885.51026844057,"No Ren., 2020 Elec Grid","A. Base","1 Baseline","1_A_NR_G20","G20_NR",NA,288.492947061708,"0. Mid-Case Electricity Supply"
2059,822.031190117945,"1","A","NR","G20",62.5270916960586,0,884.558281814004,"No Ren., 2020 Elec Grid","A. Base","1 Baseline","1_A_NR_G20","G20_NR",NA,292.340939322232,"0. Mid-Case Electricity Supply"
2060,821.201407001952,"1","A","NR","G20",62.5270916960586,0,883.728498698011,"No Ren., 2020 Elec Grid","A. Base","1 Baseline","1_A_NR_G20","G20_NR",NA,297.796200152765,"0. Mid-Case Electricity Supply"
2020,808.232095449661,"1","A","NR","MC",88.586691650616,0,896.818787100277,"No Renovation","A. Base","1 Baseline","1_A_NR_MC","MC_NR",NA,0,"0. Reg. Renovation"
2021,822.39007982702,"1","A","NR","MC",89.0246468076464,0,911.414726634667,"No Renovation","A. Base","1 Baseline","1_A_NR_MC","MC_NR",NA,-0.575338157056763,"0. Reg. Renovation"
2022,830.734526953909,"1","A","NR","MC",89.010226446971,0,919.74475340088,"No Renovation","A. Base","1 Baseline","1_A_NR_MC","MC_NR",NA,4.26632800615084,"0. Reg. Renovation"
2023,833.950140283402,"1","A","NR","MC",88.7376558807369,0,922.687796164139,"No Renovation","A. Base","1 Baseline","1_A_NR_MC","MC_NR",NA,8.82471293634217,"0. Reg. Renovation"
2024,832.721623268574,"1","A","NR","MC",88.085176954907,0,920.806800223481,"No Renovation","A. Base","1 Baseline","1_A_NR_MC","MC_NR",NA,13.3279675324173,"0. Reg. Renovation"
2025,827.7336793625,"1","A","NR","MC",87.2382868065231,0,914.971966169024,"No Renovation","A. Base","1 Baseline","1_A_NR_MC","MC_NR",NA,17.6095926357767,"0. Reg. Renovation"
2026,819.729624753563,"1","A","NR","MC",85.9976070522843,0,905.727231805848,"No Renovation","A. Base","1 Baseline","1_A_NR_MC","MC_NR",NA,22.0567110007328,"0. Reg. Renovation"
2027,809.687226571373,"1","A","NR","MC",84.6086097485034,0,894.295836319876,"No Renovation","A. Base","1 Baseline","1_A_NR_MC","MC_NR",NA,26.0727896194129,"0. Reg. Renovation"
2028,798.642864680847,"1","A","NR","MC",83.1474092986938,0,881.79027397954,"No Renovation","A. Base","1 Baseline","1_A_NR_MC","MC_NR",NA,29.5664513133745,"0. Reg. Renovation"
2029,787.632918946901,"1","A","NR","MC",81.5663308390196,0,869.199249785921,"No Renovation","A. Base","1 Baseline","1_A_NR_MC","MC_NR",NA,33.3116458880745,"0. Reg. Renovation"
2030,777.693769234454,"1","A","NR","MC",80.0335493211204,0,857.727318555575,"No Renovation","A. Base","1 Baseline","1_A_NR_MC","MC_NR",NA,36.8645223726954,"0. Reg. Renovation"
2031,769.568731731888,"1","A","NR","MC",78.5801707989202,0,848.148902530808,"No Renovation","A. Base","1 Baseline","1_A_NR_MC","MC_NR",NA,40.7855291529646,"0. Reg. Renovation"
2032,762.828867921443,"1","A","NR","MC",77.1555866149206,0,839.984454536364,"No Renovation","A. Base","1 Baseline","1_A_NR_MC","MC_NR",NA,44.0345207183884,"0. Reg. Renovation"
2033,756.752175608828,"1","A","NR","MC",75.7364490223684,0,832.488624631196,"No Renovation","A. Base","1 Baseline","1_A_NR_MC","MC_NR",NA,47.1471986168838,"0. Reg. Renovation"
2034,750.616652599748,"1","A","NR","MC",74.416886128173,0,825.033538727921,"No Renovation","A. Base","1 Baseline","1_A_NR_MC","MC_NR",NA,50.205406127107,"0. Reg. Renovation"
2035,743.70029669991,"1","A","NR","MC",73.1072321543898,0,816.8075288543,"No Renovation","A. Base","1 Baseline","1_A_NR_MC","MC_NR",NA,53.006493034572,"0. Reg. Renovation"
2036,735.444497108126,"1","A","NR","MC",71.8635784675221,0,807.308075575648,"No Renovation","A. Base","1 Baseline","1_A_NR_MC","MC_NR",NA,56.1530771051783,"0. Reg. Renovation"
2037,725.944208595622,"1","A","NR","MC",70.6680854745326,0,796.612294070155,"No Renovation","A. Base","1 Baseline","1_A_NR_MC","MC_NR",NA,58.6609147222831,"0. Reg. Renovation"
2038,715.45777732673,"1","A","NR","MC",69.4689886874411,0,784.926766014172,"No Renovation","A. Base","1 Baseline","1_A_NR_MC","MC_NR",NA,61.0002219792378,"0. Reg. Renovation"
2039,704.243549465783,"1","A","NR","MC",68.4384202976019,0,772.681969763385,"No Renovation","A. Base","1 Baseline","1_A_NR_MC","MC_NR",NA,63.2501745781998,"0. Reg. Renovation"
2040,692.559871177111,"1","A","NR","MC",67.4991129258941,0,760.058984103006,"No Renovation","A. Base","1 Baseline","1_A_NR_MC","MC_NR",NA,65.2742312207755,"0. Reg. Renovation"
2041,680.606522831559,"1","A","NR","MC",66.6795658064305,0,747.286088637989,"No Renovation","A. Base","1 Baseline","1_A_NR_MC","MC_NR",NA,67.4764856655206,"0. Reg. Renovation"
2042,668.349021626014,"1","A","NR","MC",66.0141610814717,0,734.363182707486,"No Renovation","A. Base","1 Baseline","1_A_NR_MC","MC_NR",NA,69.1642777963166,"0. Reg. Renovation"
2043,655.694318963877,"1","A","NR","MC",65.4480873496957,0,721.142406313572,"No Renovation","A. Base","1 Baseline","1_A_NR_MC","MC_NR",NA,70.8463490721194,"0. Reg. Renovation"
2044,642.549366248547,"1","A","NR","MC",64.9931183089035,0,707.54248455745,"No Renovation","A. Base","1 Baseline","1_A_NR_MC","MC_NR",NA,72.1577605120384,"0. Reg. Renovation"
2045,628.821114883425,"1","A","NR","MC",64.6806484593056,0,693.50176334273,"No Renovation","A. Base","1 Baseline","1_A_NR_MC","MC_NR",NA,73.2294323676798,"0. Reg. Renovation"
2046,614.547513913903,"1","A","NR","MC",64.3686658115576,0,678.916179725461,"No Renovation","A. Base","1 Baseline","1_A_NR_MC","MC_NR",NA,74.718188860349,"0. Reg. Renovation"
2047,600.290502953346,"1","A","NR","MC",64.0976105735109,0,664.388113526857,"No Renovation","A. Base","1 Baseline","1_A_NR_MC","MC_NR",NA,75.4238973827281,"0. Reg. Renovation"
2048,586.743019257111,"1","A","NR","MC",63.8740748118167,0,650.617094068928,"No Renovation","A. Base","1 Baseline","1_A_NR_MC","MC_NR",NA,76.2879413252588,"0. Reg. Renovation"
2049,574.598000080555,"1","A","NR","MC",63.6757381844097,0,638.273738264965,"No Renovation","A. Base","1 Baseline","1_A_NR_MC","MC_NR",NA,77.026663765942,"0. Reg. Renovation"
2050,564.548382679036,"1","A","NR","MC",63.5048088205094,0,628.053191499545,"No Renovation","A. Base","1 Baseline","1_A_NR_MC","MC_NR",NA,77.7219688420986,"0. Reg. Renovation"
2051,557.073421953427,"1","A","NR","MC",63.3388511844013,0,620.412273137828,"No Renovation","A. Base","1 Baseline","1_A_NR_MC","MC_NR",NA,78.9025775407551,"0. Reg. Renovation"
2052,551.797643386675,"1","A","NR","MC",63.198148972934,0,614.995792359609,"No Renovation","A. Base","1 Baseline","1_A_NR_MC","MC_NR",NA,79.7385829212702,"0. Reg. Renovation"
2053,548.131890107244,"1","A","NR","MC",63.0456101160477,0,611.177500223292,"No Renovation","A. Base","1 Baseline","1_A_NR_MC","MC_NR",NA,80.6436276506713,"0. Reg. Renovation"
2054,545.487005243596,"1","A","NR","MC",62.9359640874558,0,608.422969331052,"No Renovation","A. Base","1 Baseline","1_A_NR_MC","MC_NR",NA,81.4673882734586,"0. Reg. Renovation"
2055,543.273831924196,"1","A","NR","MC",62.8249622613938,0,606.09879418559,"No Renovation","A. Base","1 Baseline","1_A_NR_MC","MC_NR",NA,82.2306093716695,"0. Reg. Renovation"
2056,540.945949748404,"1","A","NR","MC",62.7248692565005,0,603.670819004904,"No Renovation","A. Base","1 Baseline","1_A_NR_MC","MC_NR",NA,83.2723747832214,"0. Reg. Renovation"
2057,538.127884199164,"1","A","NR","MC",62.6175299012421,0,600.745414100406,"No Renovation","A. Base","1 Baseline","1_A_NR_MC","MC_NR",NA,83.7389566026367,"0. Reg. Renovation"
2058,534.48689723032,"1","A","NR","MC",62.5304241485422,0,597.017321378862,"No Renovation","A. Base","1 Baseline","1_A_NR_MC","MC_NR",NA,84.1761126434674,"0. Reg. Renovation"
2059,529.690250795714,"1","A","NR","MC",62.5270916960586,0,592.217342491772,"No Renovation","A. Base","1 Baseline","1_A_NR_MC","MC_NR",NA,84.4773093748655,"0. Reg. Renovation"
2060,523.405206849187,"1","A","NR","MC",62.5270916960586,0,585.932298545246,"No Renovation","A. Base","1 Baseline","1_A_NR_MC","MC_NR",NA,84.5804745325342,"0. Reg. Renovation"
2020,808.232095449661,"1","A","RR","MC",88.586691650616,0,896.818787100277,"1A Baseline","A. Base","1 Baseline","1_A_RR_MC","MC_RR","MC_RR",0.859266196221142,"1. LREC Electricity Supply"
2021,817.325564356838,"1","A","RR","MC",89.0246468076464,5.63985362723906,911.990064791724,"1A Baseline","A. Base","1 Baseline","1_A_RR_MC","MC_RR","MC_RR",4.70286704429793,"1. LREC Electricity Supply"
2022,820.826428131689,"1","A","RR","MC",89.010226446971,5.64177081606899,915.478425394729,"1A Baseline","A. Base","1 Baseline","1_A_RR_MC","MC_RR","MC_RR",11.531691605367,"1. LREC Electricity Supply"
2023,819.408999266635,"1","A","RR","MC",88.7376558807369,5.71642808042497,913.863083227797,"1A Baseline","A. Base","1 Baseline","1_A_RR_MC","MC_RR","MC_RR",20.8892070951015,"1. LREC Electricity Supply"
2024,813.747590254095,"1","A","RR","MC",88.085176954907,5.64606548206153,907.478832691064,"1A Baseline","A. Base","1 Baseline","1_A_RR_MC","MC_RR","MC_RR",32.3188807291745,"1. LREC Electricity Supply"
2025,804.516513586491,"1","A","RR","MC",87.2382868065231,5.60757314023269,897.362373533247,"1A Baseline","A. Base","1 Baseline","1_A_RR_MC","MC_RR","MC_RR",45.3641797232591,"1. LREC Electricity Supply"
2026,792.447492367661,"1","A","RR","MC",85.9976070522843,5.2254213851693,883.670520805115,"1A Baseline","A. Base","1 Baseline","1_A_RR_MC","MC_RR","MC_RR",59.5510717196071,"1. LREC Electricity Supply"
2027,778.501892147117,"1","A","RR","MC",84.6086097485034,5.11254480484328,868.223046700464,"1A Baseline","A. Base","1 Baseline","1_A_RR_MC","MC_RR","MC_RR",74.3355260667836,"1. LREC Electricity Supply"
2028,763.698489085787,"1","A","RR","MC",83.1474092986938,5.37792428168501,852.223822666166,"1A Baseline","A. Base","1 Baseline","1_A_RR_MC","MC_RR","MC_RR",89.1560125399325,"1. LREC Electricity Supply"
2029,749.056059344601,"1","A","RR","MC",81.5663308390196,5.26521371422545,835.887603897846,"1A Baseline","A. Base","1 Baseline","1_A_RR_MC","MC_RR","MC_RR",103.451000914197,"1. LREC Electricity Supply"
2030,735.593379084489,"1","A","RR","MC",80.0335493211204,5.23586777727001,820.862796182879,"1A Baseline","A. Base","1 Baseline","1_A_RR_MC","MC_RR","MC_RR",116.658960964722,"1. LREC Electricity Supply"
2031,724.042171409288,"1","A","RR","MC",78.5801707989202,4.74103116963492,807.363373377843,"1A Baseline","A. Base","1 Baseline","1_A_RR_MC","MC_RR","MC_RR",128.305860333758,"1. LREC Electricity Supply"
2032,713.985947194476,"1","A","RR","MC",77.1555866149206,4.80840000857916,795.949933817976,"1A Baseline","A. Base","1 Baseline","1_A_RR_MC","MC_RR","MC_RR",138.267658131989,"1. LREC Electricity Supply"
2033,704.721164258438,"1","A","RR","MC",75.7364490223684,4.88381273350606,785.341426014313,"1A Baseline","A. Base","1 Baseline","1_A_RR_MC","MC_RR","MC_RR",146.507811337204,"1. LREC Electricity Supply"
2034,695.544280419561,"1","A","RR","MC",74.416886128173,4.86696605307999,774.828132600814,"1A Baseline","A. Base","1 Baseline","1_A_RR_MC","MC_RR","MC_RR",152.989776927195,"1. LREC Electricity Supply"
2035,685.75175349623,"1","A","RR","MC",73.1072321543898,4.94205016910815,763.801035819728,"1A Baseline","A. Base","1 Baseline","1_A_RR_MC","MC_RR","MC_RR",157.677011879753,"1. LREC Electricity Supply"
2036,674.799221925796,"1","A","RR","MC",71.8635784675221,4.49219807715109,751.15499847047,"1A Baseline","A. Base","1 Baseline","1_A_RR_MC","MC_RR","MC_RR",160.607994758917,"1. LREC Electricity Supply"
2037,662.779046621466,"1","A","RR","MC",70.6680854745326,4.50424725187235,737.951379347871,"1A Baseline","A. Base","1 Baseline","1_A_RR_MC","MC_RR","MC_RR",162.121290473729,"1. LREC Electricity Supply"
2038,649.942769115412,"1","A","RR","MC",69.4689886874411,4.5147862320809,723.926544034934,"1A Baseline","A. Base","1 Baseline","1_A_RR_MC","MC_RR","MC_RR",162.630485519475,"1. LREC Electricity Supply"
2039,636.541930939803,"1","A","RR","MC",68.4384202976019,4.45144394777969,709.431795185185,"1A Baseline","A. Base","1 Baseline","1_A_RR_MC","MC_RR","MC_RR",162.549166391447,"1. LREC Electricity Supply"
2040,622.828073626813,"1","A","RR","MC",67.4991129258941,4.45756632952274,694.78475288223,"1A Baseline","A. Base","1 Baseline","1_A_RR_MC","MC_RR","MC_RR",162.290919584932,"1. LREC Electricity Supply"
2041,608.996831145883,"1","A","RR","MC",66.6795658064305,4.1332060201554,679.809602972469,"1A Baseline","A. Base","1 Baseline","1_A_RR_MC","MC_RR","MC_RR",162.129319856393,"1. LREC Electricity Supply"
2042,595.020207215538,"1","A","RR","MC",66.0141610814717,4.16453661415971,665.198904911169,"1A Baseline","A. Base","1 Baseline","1_A_RR_MC","MC_RR","MC_RR",161.777895006972,"1. LREC Electricity Supply"
2043,580.814297991574,"1","A","RR","MC",65.4480873496957,4.03367190018363,650.296057241453,"1A Baseline","A. Base","1 Baseline","1_A_RR_MC","MC_RR","MC_RR",160.810161098988,"1. LREC Electricity Supply"
2044,566.295199629786,"1","A","RR","MC",64.9931183089035,4.09640610672212,635.384724045412,"1A Baseline","A. Base","1 Baseline","1_A_RR_MC","MC_RR","MC_RR",158.799634194756,"1. LREC Electricity Supply"
2045,551.379008285972,"1","A","RR","MC",64.6806484593056,4.21267422977301,620.272330975051,"1A Baseline","A. Base","1 Baseline","1_A_RR_MC","MC_RR","MC_RR",155.319830356592,"1. LREC Electricity Supply"
2046,536.10232498066,"1","A","RR","MC",64.3686658115576,3.72700007289441,604.197990865112,"1A Baseline","A. Base","1 Baseline","1_A_RR_MC","MC_RR","MC_RR",150.145339648296,"1. LREC Electricity Supply"
2047,520.983770193313,"1","A","RR","MC",64.0976105735109,3.88283537730463,588.964216144129,"1A Baseline","A. Base","1 Baseline","1_A_RR_MC","MC_RR","MC_RR",143.855048139599,"1. LREC Electricity Supply"
2048,506.66246926813,"1","A","RR","MC",63.8740748118167,3.79260866372282,574.329152743669,"1A Baseline","A. Base","1 Baseline","1_A_RR_MC","MC_RR","MC_RR",137.228915901716,"1. LREC Electricity Supply"
2049,493.777547549306,"1","A","RR","MC",63.6757381844097,3.79378876530787,561.247074499023,"1A Baseline","A. Base","1 Baseline","1_A_RR_MC","MC_RR","MC_RR",131.046903005861,"1. LREC Electricity Supply"
2050,482.968130381038,"1","A","RR","MC",63.5048088205094,3.85828345589899,550.331222657447,"1A Baseline","A. Base","1 Baseline","1_A_RR_MC","MC_RR","MC_RR",126.088969523248,"1. LREC Electricity Supply"
2051,474.674372303885,"1","A","RR","MC",63.3388511844013,3.49647210878668,541.509695597073,"1A Baseline","A. Base","1 Baseline","1_A_RR_MC","MC_RR","MC_RR",122.936630856452,"1. LREC Electricity Supply"
2052,468.54054464385,"1","A","RR","MC",63.198148972934,3.51851582155489,535.257209438339,"1A Baseline","A. Base","1 Baseline","1_A_RR_MC","MC_RR","MC_RR",121.377623733479,"1. LREC Electricity Supply"
2053,464.011947923296,"1","A","RR","MC",63.0456101160477,3.47631453327628,530.53387257262,"1A Baseline","A. Base","1 Baseline","1_A_RR_MC","MC_RR","MC_RR",121.001240213695,"1. LREC Electricity Supply"
2054,460.533882664588,"1","A","RR","MC",62.9359640874558,3.48573430554991,526.955581057594,"1A Baseline","A. Base","1 Baseline","1_A_RR_MC","MC_RR","MC_RR",121.396772356467,"1. LREC Electricity Supply"
2055,457.551649390089,"1","A","RR","MC",62.8249622613938,3.49157316243808,523.868184813921,"1A Baseline","A. Base","1 Baseline","1_A_RR_MC","MC_RR","MC_RR",122.15351222116,"1. LREC Electricity Supply"
2056,454.550342782891,"1","A","RR","MC",62.7248692565005,3.12323218229159,520.398444221683,"1A Baseline","A. Base","1 Baseline","1_A_RR_MC","MC_RR","MC_RR",122.900440800868,"1. LREC Electricity Supply"
2057,451.174234168996,"1","A","RR","MC",62.6175299012421,3.21469342753088,517.006457497769,"1A Baseline","A. Base","1 Baseline","1_A_RR_MC","MC_RR","MC_RR",123.4252948236,"1. LREC Electricity Supply"
2058,447.107389035137,"1","A","RR","MC",62.5304241485422,3.20339555171609,512.841208735395,"1A Baseline","A. Base","1 Baseline","1_A_RR_MC","MC_RR","MC_RR",123.55549995109,"1. LREC Electricity Supply"
2059,442.033872868041,"1","A","RR","MC",62.5270916960586,3.17906855280663,507.740033116907,"1A Baseline","A. Base","1 Baseline","1_A_RR_MC","MC_RR","MC_RR",123.118481845074,"1. LREC Electricity Supply"
2060,435.637751154442,"1","A","RR","MC",62.5270916960586,3.18698116221108,501.351824012712,"1A Baseline","A. Base","1 Baseline","1_A_RR_MC","MC_RR","MC_RR",121.941666167289,"1. LREC Electricity Supply"
2020,807.37282925344,"1","A","RR","LREC",88.586691650616,0,895.959520904056,"1A Baseline","A. Base","1 Baseline","1_A_RR_LREC","LREC_RR","LREC_RR",0,"2. CFE35 Electricity Supply"
2021,812.62269731254,"1","A","RR","LREC",89.0246468076464,5.63985362723906,907.287197747426,"1A Baseline","A. Base","1 Baseline","1_A_RR_LREC","LREC_RR","LREC_RR",0,"2. CFE35 Electricity Supply"
2022,809.294736526322,"1","A","RR","LREC",89.010226446971,5.64177081606899,903.946733789362,"1A Baseline","A. Base","1 Baseline","1_A_RR_LREC","LREC_RR","LREC_RR",0,"2. CFE35 Electricity Supply"
2023,798.519792171533,"1","A","RR","LREC",88.7376558807369,5.71642808042497,892.973876132695,"1A Baseline","A. Base","1 Baseline","1_A_RR_LREC","LREC_RR","LREC_RR",0,"2. CFE35 Electricity Supply"
2024,781.428709524921,"1","A","RR","LREC",88.085176954907,5.64606548206153,875.159951961889,"1A Baseline","A. Base","1 Baseline","1_A_RR_LREC","LREC_RR","LREC_RR",0,"2. CFE35 Electricity Supply"
2025,759.152333863232,"1","A","RR","LREC",87.2382868065231,5.60757314023269,851.998193809988,"1A Baseline","A. Base","1 Baseline","1_A_RR_LREC","LREC_RR","LREC_RR",0,"2. CFE35 Electricity Supply"
2026,732.896420648054,"1","A","RR","LREC",85.9976070522843,5.2254213851693,824.119449085508,"1A Baseline","A. Base","1 Baseline","1_A_RR_LREC","LREC_RR","LREC_RR",10.1888799560505,"2. CFE35 Electricity Supply"
2027,704.166366080333,"1","A","RR","LREC",84.6086097485034,5.11254480484328,793.88752063368,"1A Baseline","A. Base","1 Baseline","1_A_RR_LREC","LREC_RR","LREC_RR",24.0359460763416,"2. CFE35 Electricity Supply"
2028,674.542476545855,"1","A","RR","LREC",83.1474092986938,5.37792428168501,763.067810126233,"1A Baseline","A. Base","1 Baseline","1_A_RR_LREC","LREC_RR","LREC_RR",42.2438423849555,"2. CFE35 Electricity Supply"
2029,645.605058430404,"1","A","RR","LREC",81.5663308390196,5.26521371422545,732.436602983649,"1A Baseline","A. Base","1 Baseline","1_A_RR_LREC","LREC_RR","LREC_RR",65.5152129059736,"2. CFE35 Electricity Supply"
2030,618.934418119767,"1","A","RR","LREC",80.0335493211204,5.23586777727001,704.203835218157,"1A Baseline","A. Base","1 Baseline","1_A_RR_LREC","LREC_RR","LREC_RR",94.5527016634777,"2. CFE35 Electricity Supply"
2031,595.73631107553,"1","A","RR","LREC",78.5801707989202,4.74103116963492,679.057513044085,"1A Baseline","A. Base","1 Baseline","1_A_RR_LREC","LREC_RR","LREC_RR",129.23238675517,"2. CFE35 Electricity Supply"
2032,575.718289062487,"1","A","RR","LREC",77.1555866149206,4.80840000857916,657.682275685987,"1A Baseline","A. Base","1 Baseline","1_A_RR_LREC","LREC_RR","LREC_RR",166.12408257323,"2. CFE35 Electricity Supply"
2033,558.213352921234,"1","A","RR","LREC",75.7364490223684,4.88381273350606,638.833614677109,"1A Baseline","A. Base","1 Baseline","1_A_RR_LREC","LREC_RR","LREC_RR",200.97103758346,"2. CFE35 Electricity Supply"
2034,542.554503492366,"1","A","RR","LREC",74.416886128173,4.86696605307999,621.838355673619,"1A Baseline","A. Base","1 Baseline","1_A_RR_LREC","LREC_RR","LREC_RR",229.516500251659,"2. CFE35 Electricity Supply"
2035,528.074741616477,"1","A","RR","LREC",73.1072321543898,4.94205016910815,606.124023939975,"1A Baseline","A. Base","1 Baseline","1_A_RR_LREC","LREC_RR","LREC_RR",247.50371904363,"2. CFE35 Electricity Supply"
2036,514.191227166879,"1","A","RR","LREC",71.8635784675221,4.49219807715109,590.547003711552,"1A Baseline","A. Base","1 Baseline","1_A_RR_LREC","LREC_RR","LREC_RR",237.039630531489,"2. CFE35 Electricity Supply"
2037,500.657756147738,"1","A","RR","LREC",70.6680854745326,4.50424725187235,575.830088874143,"1A Baseline","A. Base","1 Baseline","1_A_RR_LREC","LREC_RR","LREC_RR",226.82647378027,"2. CFE35 Electricity Supply"
2038,487.312283595937,"1","A","RR","LREC",69.4689886874411,4.5147862320809,561.296058515459,"1A Baseline","A. Base","1 Baseline","1_A_RR_LREC","LREC_RR","LREC_RR",216.744767594228,"2. CFE35 Electricity Supply"
2039,473.992764548357,"1","A","RR","LREC",68.4384202976019,4.45144394777969,546.882628793738,"1A Baseline","A. Base","1 Baseline","1_A_RR_LREC","LREC_RR","LREC_RR",206.675030777615,"2. CFE35 Electricity Supply"
2040,460.537154041881,"1","A","RR","LREC",67.4991129258941,4.45756632952274,532.493833297298,"1A Baseline","A. Base","1 Baseline","1_A_RR_LREC","LREC_RR","LREC_RR",196.497782134688,"2. CFE35 Electricity Supply"
2041,446.86751128949,"1","A","RR","LREC",66.6795658064305,4.1332060201554,517.680283116076,"1A Baseline","A. Base","1 Baseline","1_A_RR_LREC","LREC_RR","LREC_RR",186.162076419471,"2. CFE35 Electricity Supply"
2042,433.242312208565,"1","A","RR","LREC",66.0141610814717,4.16453661415971,503.421009904197,"1A Baseline","A. Base","1 Baseline","1_A_RR_LREC","LREC_RR","LREC_RR",175.891112185083,"2. CFE35 Electricity Supply"
2043,420.004136892586,"1","A","RR","LREC",65.4480873496957,4.03367190018363,489.485896142465,"1A Baseline","A. Base","1 Baseline","1_A_RR_LREC","LREC_RR","LREC_RR",165.976623934414,"2. CFE35 Electricity Supply"
2044,407.495565435031,"1","A","RR","LREC",64.9931183089035,4.09640610672212,476.585089850656,"1A Baseline","A. Base","1 Baseline","1_A_RR_LREC","LREC_RR","LREC_RR",156.710346170355,"2. CFE35 Electricity Supply"
2045,396.05917792938,"1","A","RR","LREC",64.6806484593056,4.21267422977301,464.952500618459,"1A Baseline","A. Base","1 Baseline","1_A_RR_LREC","LREC_RR","LREC_RR",148.384013395797,"2. CFE35 Electricity Supply"
2046,385.956985332364,"1","A","RR","LREC",64.3686658115576,3.72700007289441,454.052651216816,"1A Baseline","A. Base","1 Baseline","1_A_RR_LREC","LREC_RR","LREC_RR",141.224213810076,"2. CFE35 Electricity Supply"
2047,377.128722053715,"1","A","RR","LREC",64.0976105735109,3.88283537730463,445.10916800453,"1A Baseline","A. Base","1 Baseline","1_A_RR_LREC","LREC_RR","LREC_RR",135.196950398305,"2. CFE35 Electricity Supply"
2048,369.433553366414,"1","A","RR","LREC",63.8740748118167,3.79260866372282,437.100236841954,"1A Baseline","A. Base","1 Baseline","1_A_RR_LREC","LREC_RR","LREC_RR",130.203079842045,"2. CFE35 Electricity Supply"
2049,362.730644543445,"1","A","RR","LREC",63.6757381844097,3.79378876530787,430.200171493163,"1A Baseline","A. Base","1 Baseline","1_A_RR_LREC","LREC_RR","LREC_RR",126.143458822856,"2. CFE35 Electricity Supply"
2050,356.87916085779,"1","A","RR","LREC",63.5048088205094,3.85828345589899,424.242253134198,"1A Baseline","A. Base","1 Baseline","1_A_RR_LREC","LREC_RR","LREC_RR",122.918944022296,"2. CFE35 Electricity Supply"
2051,351.737741447433,"1","A","RR","LREC",63.3388511844013,3.49647210878668,418.573064740621,"1A Baseline","A. Base","1 Baseline","1_A_RR_LREC","LREC_RR","LREC_RR",120.41846218347,"2. CFE35 Electricity Supply"
2052,347.162920910371,"1","A","RR","LREC",63.198148972934,3.51851582155489,413.87958570486,"1A Baseline","A. Base","1 Baseline","1_A_RR_LREC","LREC_RR","LREC_RR",118.48322029565,"2. CFE35 Electricity Supply"
2053,343.010707709601,"1","A","RR","LREC",63.0456101160477,3.47631453327628,409.532632358925,"1A Baseline","A. Base","1 Baseline","1_A_RR_LREC","LREC_RR","LREC_RR",116.942495409653,"2. CFE35 Electricity Supply"
2054,339.137110308121,"1","A","RR","LREC",62.9359640874558,3.48573430554991,405.558808701127,"1A Baseline","A. Base","1 Baseline","1_A_RR_LREC","LREC_RR","LREC_RR",115.625564576296,"2. CFE35 Electricity Supply"
2055,335.398137168929,"1","A","RR","LREC",62.8249622613938,3.49157316243808,401.714672592761,"1A Baseline","A. Base","1 Baseline","1_A_RR_LREC","LREC_RR","LREC_RR",114.361704846396,"2. CFE35 Electricity Supply"
2056,331.649901982023,"1","A","RR","LREC",62.7248692565005,3.12323218229159,397.498003420815,"1A Baseline","A. Base","1 Baseline","1_A_RR_LREC","LREC_RR","LREC_RR",112.98257925846,"2. CFE35 Electricity Supply"
2057,327.748939345397,"1","A","RR","LREC",62.6175299012421,3.21469342753088,393.58116267417,"1A Baseline","A. Base","1 Baseline","1_A_RR_LREC","LREC_RR","LREC_RR",111.329394801762,"2. CFE35 Electricity Supply"
2058,323.551889084047,"1","A","RR","LREC",62.5304241485422,3.20339555171609,389.285708784305,"1A Baseline","A. Base","1 Baseline","1_A_RR_LREC","LREC_RR","LREC_RR",109.245744453269,"2. CFE35 Electricity Supply"
2059,318.915391022967,"1","A","RR","LREC",62.5270916960586,3.17906855280663,384.621551271833,"1A Baseline","A. Base","1 Baseline","1_A_RR_LREC","LREC_RR","LREC_RR",106.575221189944,"2. CFE35 Electricity Supply"
2060,313.696084987153,"1","A","RR","LREC",62.5270916960586,3.18698116221108,379.410157845423,"1A Baseline","A. Base","1 Baseline","1_A_RR_LREC","LREC_RR","LREC_RR",103.161417988754,"2. CFE35 Electricity Supply"
2020,807.37282925344,"1","A","RR","CFE",88.586691650616,0,895.959520904056,"1A Baseline","A. Base","1 Baseline","1_A_RR_CFE","CFE_RR","CFE_RR",0,"3. Adv. Renovation & Electrification"
2021,812.62269731254,"1","A","RR","CFE",89.0246468076464,5.63985362723906,907.287197747426,"1A Baseline","A. Base","1 Baseline","1_A_RR_CFE","CFE_RR","CFE_RR",0.0402073514586618,"3. Adv. Renovation & Electrification"
2022,809.294736526322,"1","A","RR","CFE",89.010226446971,5.64177081606899,903.946733789362,"1A Baseline","A. Base","1 Baseline","1_A_RR_CFE","CFE_RR","CFE_RR",3.01846621359527,"3. Adv. Renovation & Electrification"
2023,798.519792171533,"1","A","RR","CFE",88.7376558807369,5.71642808042497,892.973876132695,"1A Baseline","A. Base","1 Baseline","1_A_RR_CFE","CFE_RR","CFE_RR",6.20339986384954,"3. Adv. Renovation & Electrification"
2024,781.428709524921,"1","A","RR","CFE",88.085176954907,5.64606548206153,875.159951961889,"1A Baseline","A. Base","1 Baseline","1_A_RR_CFE","CFE_RR","CFE_RR",9.24290109720141,"3. Adv. Renovation & Electrification"
2025,759.152333863232,"1","A","RR","CFE",87.2382868065231,5.60757314023269,851.998193809988,"1A Baseline","A. Base","1 Baseline","1_A_RR_CFE","CFE_RR","CFE_RR",12.5140777629205,"3. Adv. Renovation & Electrification"
2026,722.707540692004,"1","A","RR","CFE",85.9976070522843,5.2254213851693,813.930569129457,"1A Baseline","A. Base","1 Baseline","1_A_RR_CFE","CFE_RR","CFE_RR",15.9957536433621,"3. Adv. Renovation & Electrification"
2027,680.130420003992,"1","A","RR","CFE",84.6086097485034,5.11254480484328,769.851574557338,"1A Baseline","A. Base","1 Baseline","1_A_RR_CFE","CFE_RR","CFE_RR",19.5148533742769,"3. Adv. Renovation & Electrification"
2028,632.298634160899,"1","A","RR","CFE",83.1474092986938,5.37792428168501,720.823967741278,"1A Baseline","A. Base","1 Baseline","1_A_RR_CFE","CFE_RR","CFE_RR",23.193888483827,"3. Adv. Renovation & Electrification"
2029,580.08984552443,"1","A","RR","CFE",81.5663308390196,5.26521371422545,666.921390077675,"1A Baseline","A. Base","1 Baseline","1_A_RR_CFE","CFE_RR","CFE_RR",26.6443872925859,"3. Adv. Renovation & Electrification"
2030,524.381716456289,"1","A","RR","CFE",80.0335493211204,5.23586777727001,609.65113355468,"1A Baseline","A. Base","1 Baseline","1_A_RR_CFE","CFE_RR","CFE_RR",30.3905400159681,"3. Adv. Renovation & Electrification"
2031,466.50392432036,"1","A","RR","CFE",78.5801707989202,4.74103116963492,549.825126288915,"1A Baseline","A. Base","1 Baseline","1_A_RR_CFE","CFE_RR","CFE_RR",34.2658329285289,"3. Adv. Renovation & Electrification"
2032,409.594206489257,"1","A","RR","CFE",77.1555866149206,4.80840000857916,491.558193112757,"1A Baseline","A. Base","1 Baseline","1_A_RR_CFE","CFE_RR","CFE_RR",38.0413738176733,"3. Adv. Renovation & Electrification"
2033,357.242315337774,"1","A","RR","CFE",75.7364490223684,4.88381273350606,437.862577093649,"1A Baseline","A. Base","1 Baseline","1_A_RR_CFE","CFE_RR","CFE_RR",41.9209620188071,"3. Adv. Renovation & Electrification"
2034,313.038003240706,"1","A","RR","CFE",74.416886128173,4.86696605307999,392.321855421959,"1A Baseline","A. Base","1 Baseline","1_A_RR_CFE","CFE_RR","CFE_RR",45.122981751516,"3. Adv. Renovation & Electrification"
2035,280.571022572848,"1","A","RR","CFE",73.1072321543898,4.94205016910815,358.620304896346,"1A Baseline","A. Base","1 Baseline","1_A_RR_CFE","CFE_RR","CFE_RR",47.9703892192042,"3. Adv. Renovation & Electrification"
2036,277.15159663539,"1","A","RR","CFE",71.8635784675221,4.49219807715109,353.507373180063,"1A Baseline","A. Base","1 Baseline","1_A_RR_CFE","CFE_RR","CFE_RR",50.2323259874592,"3. Adv. Renovation & Electrification"
2037,273.831282367468,"1","A","RR","CFE",70.6680854745326,4.50424725187235,349.003615093873,"1A Baseline","A. Base","1 Baseline","1_A_RR_CFE","CFE_RR","CFE_RR",51.9455696996702,"3. Adv. Renovation & Electrification"
2038,270.567516001709,"1","A","RR","CFE",69.4689886874411,4.5147862320809,344.551290921231,"1A Baseline","A. Base","1 Baseline","1_A_RR_CFE","CFE_RR","CFE_RR",53.4536651162656,"3. Adv. Renovation & Electrification"
2039,267.317733770741,"1","A","RR","CFE",68.4384202976019,4.45144394777969,340.207598016123,"1A Baseline","A. Base","1 Baseline","1_A_RR_CFE","CFE_RR","CFE_RR",54.5482076123411,"3. Adv. Renovation & Electrification"
2040,264.039371907193,"1","A","RR","CFE",67.4991129258941,4.45756632952274,335.99605116261,"1A Baseline","A. Base","1 Baseline","1_A_RR_CFE","CFE_RR","CFE_RR",55.6430424947732,"3. Adv. Renovation & Electrification"
2041,260.70543487002,"1","A","RR","CFE",66.6795658064305,4.1332060201554,331.518206696606,"1A Baseline","A. Base","1 Baseline","1_A_RR_CFE","CFE_RR","CFE_RR",56.8320904687994,"3. Adv. Renovation & Electrification"
2042,257.351200023483,"1","A","RR","CFE",66.0141610814717,4.16453661415971,327.529897719114,"1A Baseline","A. Base","1 Baseline","1_A_RR_CFE","CFE_RR","CFE_RR",57.5248261783897,"3. Adv. Renovation & Electrification"
2043,254.027512958172,"1","A","RR","CFE",65.4480873496957,4.03367190018363,323.509272208051,"1A Baseline","A. Base","1 Baseline","1_A_RR_CFE","CFE_RR","CFE_RR",57.8863159258317,"3. Adv. Renovation & Electrification"
2044,250.785219264675,"1","A","RR","CFE",64.9931183089035,4.09640610672212,319.874743680301,"1A Baseline","A. Base","1 Baseline","1_A_RR_CFE","CFE_RR","CFE_RR",58.4129329074731,"3. Adv. Renovation & Electrification"
2045,247.675164533582,"1","A","RR","CFE",64.6806484593056,4.21267422977301,316.568487222661,"1A Baseline","A. Base","1 Baseline","1_A_RR_CFE","CFE_RR","CFE_RR",58.8383515634718,"3. Adv. Renovation & Electrification"
2046,244.732771522288,"1","A","RR","CFE",64.3686658115576,3.72700007289441,312.82843740674,"1A Baseline","A. Base","1 Baseline","1_A_RR_CFE","CFE_RR","CFE_RR",59.1074608701848,"3. Adv. Renovation & Electrification"
2047,241.93177165541,"1","A","RR","CFE",64.0976105735109,3.88283537730463,309.912217606225,"1A Baseline","A. Base","1 Baseline","1_A_RR_CFE","CFE_RR","CFE_RR",59.2075480870385,"3. Adv. Renovation & Electrification"
2048,239.230473524369,"1","A","RR","CFE",63.8740748118167,3.79260866372282,306.897156999909,"1A Baseline","A. Base","1 Baseline","1_A_RR_CFE","CFE_RR","CFE_RR",59.0768337880989,"3. Adv. Renovation & Electrification"
2049,236.58718572059,"1","A","RR","CFE",63.6757381844097,3.79378876530787,304.056712670307,"1A Baseline","A. Base","1 Baseline","1_A_RR_CFE","CFE_RR","CFE_RR",58.8905302159178,"3. Adv. Renovation & Electrification"
2050,233.960216835494,"1","A","RR","CFE",63.5048088205094,3.85828345589899,301.323309111902,"1A Baseline","A. Base","1 Baseline","1_A_RR_CFE","CFE_RR","CFE_RR",58.7247380195444,"3. Adv. Renovation & Electrification"
2051,231.319279263964,"1","A","RR","CFE",63.3388511844013,3.49647210878668,298.154602557152,"1A Baseline","A. Base","1 Baseline","1_A_RR_CFE","CFE_RR","CFE_RR",58.7022943365072,"3. Adv. Renovation & Electrification"
2052,228.679700614722,"1","A","RR","CFE",63.198148972934,3.51851582155489,295.39636540921,"1A Baseline","A. Base","1 Baseline","1_A_RR_CFE","CFE_RR","CFE_RR",58.618678196771,"3. Adv. Renovation & Electrification"
2053,226.068212299948,"1","A","RR","CFE",63.0456101160477,3.47631453327628,292.590136949272,"1A Baseline","A. Base","1 Baseline","1_A_RR_CFE","CFE_RR","CFE_RR",58.3242654354279,"3. Adv. Renovation & Electrification"
2054,223.511545731825,"1","A","RR","CFE",62.9359640874558,3.48573430554991,289.933244124831,"1A Baseline","A. Base","1 Baseline","1_A_RR_CFE","CFE_RR","CFE_RR",58.1342376288472,"3. Adv. Renovation & Electrification"
2055,221.036432322534,"1","A","RR","CFE",62.8249622613938,3.49157316243808,287.352967746365,"1A Baseline","A. Base","1 Baseline","1_A_RR_CFE","CFE_RR","CFE_RR",57.7807645449542,"3. Adv. Renovation & Electrification"
2056,218.667322723563,"1","A","RR","CFE",62.7248692565005,3.12323218229159,284.515424162355,"1A Baseline","A. Base","1 Baseline","1_A_RR_CFE","CFE_RR","CFE_RR",57.7141191430315,"3. Adv. Renovation & Electrification"
2057,216.419544543635,"1","A","RR","CFE",62.6175299012421,3.21469342753088,282.251767872408,"1A Baseline","A. Base","1 Baseline","1_A_RR_CFE","CFE_RR","CFE_RR",57.4716123400968,"3. Adv. Renovation & Electrification"
2058,214.306144630778,"1","A","RR","CFE",62.5304241485422,3.20339555171609,280.039964331036,"1A Baseline","A. Base","1 Baseline","1_A_RR_CFE","CFE_RR","CFE_RR",57.2592877322862,"3. Adv. Renovation & Electrification"
2059,212.340169833023,"1","A","RR","CFE",62.5270916960586,3.17906855280663,278.046330081889,"1A Baseline","A. Base","1 Baseline","1_A_RR_CFE","CFE_RR","CFE_RR",57.0348422022699,"3. Adv. Renovation & Electrification"
2060,210.5346669984,"1","A","RR","CFE",62.5270916960586,3.18698116221108,276.248739856669,"1A Baseline","A. Base","1 Baseline","1_A_RR_CFE","CFE_RR","CFE_RR",56.6909839010124,"3. Adv. Renovation & Electrification"
2020,807.37282925344,"1","A","AR","CFE",88.586691650616,0,895.959520904056,"1A Baseline","A. Base","1 Baseline","1_A_AR_CFE","CFE_AR","CFE_AR",0,"4. Ext. Renovation & Electrification"
2021,809.647675244505,"1","A","AR","CFE",89.0246468076464,8.57466834381563,907.246990395967,"1A Baseline","A. Base","1 Baseline","1_A_AR_CFE","CFE_AR","CFE_AR",-0.74230476333662,"4. Ext. Renovation & Electrification"
2022,803.2576180214,"1","A","AR","CFE",89.010226446971,8.66042310739573,900.928267575767,"1A Baseline","A. Base","1 Baseline","1_A_AR_CFE","CFE_AR","CFE_AR",0.297353409452967,"4. Ext. Renovation & Electrification"
2023,789.355422524822,"1","A","AR","CFE",88.7376558807369,8.67739786328725,886.770476268846,"1A Baseline","A. Base","1 Baseline","1_A_AR_CFE","CFE_AR","CFE_AR",2.12543538149805,"4. Ext. Renovation & Electrification"
2024,769.093853695465,"1","A","AR","CFE",88.085176954907,8.73802021431543,865.917050864688,"1A Baseline","A. Base","1 Baseline","1_A_AR_CFE","CFE_AR","CFE_AR",5.46668775214368,"4. Ext. Renovation & Electrification"
2025,743.625676474028,"1","A","AR","CFE",87.2382868065231,8.62015276651623,839.484116047067,"1A Baseline","A. Base","1 Baseline","1_A_AR_CFE","CFE_AR","CFE_AR",9.61007685840377,"4. Ext. Renovation & Electrification"
2026,703.807189700296,"1","A","AR","CFE",85.9976070522843,8.13001873351458,797.934815486095,"1A Baseline","A. Base","1 Baseline","1_A_AR_CFE","CFE_AR","CFE_AR",15.4824952374561,"4. Ext. Renovation & Electrification"
2027,657.783770707636,"1","A","AR","CFE",84.6086097485034,7.94434072692191,750.336721183062,"1A Baseline","A. Base","1 Baseline","1_A_AR_CFE","CFE_AR","CFE_AR",22.4558255015945,"4. Ext. Renovation & Electrification"
2028,606.421904249885,"1","A","AR","CFE",83.1474092986938,8.06076570887236,697.630079257451,"1A Baseline","A. Base","1 Baseline","1_A_AR_CFE","CFE_AR","CFE_AR",30.6298614438925,"4. Ext. Renovation & Electrification"
2029,550.588075080879,"1","A","AR","CFE",81.5663308390196,8.12259686519127,640.27700278509,"1A Baseline","A. Base","1 Baseline","1_A_AR_CFE","CFE_AR","CFE_AR",40.1575929693694,"4. Ext. Renovation & Electrification"
2030,491.148767954455,"1","A","AR","CFE",80.0335493211204,8.07827626313619,579.260593538711,"1A Baseline","A. Base","1 Baseline","1_A_AR_CFE","CFE_AR","CFE_AR",50.6720031454302,"4. Ext. Renovation & Electrification"
2031,429.448240881292,"1","A","AR","CFE",78.5801707989202,7.53088168017487,515.559293360387,"1A Baseline","A. Base","1 Baseline","1_A_AR_CFE","CFE_AR","CFE_AR",62.5708804553959,"4. Ext. Renovation & Electrification"
2032,368.741844899432,"1","A","AR","CFE",77.1555866149206,7.61938778073133,453.516819295084,"1A Baseline","A. Base","1 Baseline","1_A_AR_CFE","CFE_AR","CFE_AR",74.9662584234187,"4. Ext. Renovation & Electrification"
2033,312.76270430376,"1","A","AR","CFE",75.7364490223684,7.44246174871394,395.941615074842,"1A Baseline","A. Base","1 Baseline","1_A_AR_CFE","CFE_AR","CFE_AR",86.7055886073373,"4. Ext. Renovation & Electrification"
2034,265.243943389159,"1","A","AR","CFE",74.416886128173,7.53804415311103,347.198873670443,"1A Baseline","A. Base","1 Baseline","1_A_AR_CFE","CFE_AR","CFE_AR",97.5470753131322,"4. Ext. Renovation & Electrification"
2035,229.918686450515,"1","A","AR","CFE",73.1072321543898,7.62399707223631,310.649915677142,"1A Baseline","A. Base","1 Baseline","1_A_AR_CFE","CFE_AR","CFE_AR",106.621000469692,"4. Ext. Renovation & Electrification"
2036,224.534822193483,"1","A","AR","CFE",71.8635784675221,6.87664653159913,303.275047192604,"1A Baseline","A. Base","1 Baseline","1_A_AR_CFE","CFE_AR","CFE_AR",110.733458936566,"4. Ext. Renovation & Electrification"
2037,219.495775918919,"1","A","AR","CFE",70.6680854745326,6.89418400075099,297.058045394203,"1A Baseline","A. Base","1 Baseline","1_A_AR_CFE","CFE_AR","CFE_AR",114.368738020841,"4. Ext. Renovation & Electrification"
2038,214.744911886718,"1","A","AR","CFE",69.4689886874411,6.88372523080642,291.097625804965,"1A Baseline","A. Base","1 Baseline","1_A_AR_CFE","CFE_AR","CFE_AR",117.331890053593,"4. Ext. Renovation & Electrification"
2039,210.225594356773,"1","A","AR","CFE",68.4384202976019,6.99537574940744,285.659390403782,"1A Baseline","A. Base","1 Baseline","1_A_AR_CFE","CFE_AR","CFE_AR",119.766459737757,"4. Ext. Renovation & Electrification"
2040,205.881187588977,"1","A","AR","CFE",67.4991129258941,6.97270815296583,280.353008667837,"1A Baseline","A. Base","1 Baseline","1_A_AR_CFE","CFE_AR","CFE_AR",121.188235555385,"4. Ext. Renovation & Electrification"
2041,201.67088198401,"1","A","AR","CFE",66.6795658064305,6.33566843736591,274.686116227806,"1A Baseline","A. Base","1 Baseline","1_A_AR_CFE","CFE_AR","CFE_AR",121.723174011926,"4. Ext. Renovation & Electrification"
2042,197.617172505689,"1","A","AR","CFE",66.0141610814717,6.37373795356421,270.005071540725,"1A Baseline","A. Base","1 Baseline","1_A_AR_CFE","CFE_AR","CFE_AR",121.810799620366,"4. Ext. Renovation & Electrification"
2043,193.758380258616,"1","A","AR","CFE",65.4480873496957,6.41648867390741,265.622956282219,"1A Baseline","A. Base","1 Baseline","1_A_AR_CFE","CFE_AR","CFE_AR",121.129687932558,"4. Ext. Renovation & Electrification"
2044,190.132826347395,"1","A","AR","CFE",64.9931183089035,6.33586611652928,261.461810772828,"1A Baseline","A. Base","1 Baseline","1_A_AR_CFE","CFE_AR","CFE_AR",119.947188771502,"4. Ext. Renovation & Electrification"
2045,186.778831876628,"1","A","AR","CFE",64.6806484593056,6.27065532325605,257.730135659189,"1A Baseline","A. Base","1 Baseline","1_A_AR_CFE","CFE_AR","CFE_AR",118.631211972564,"4. Ext. Renovation & Electrification"
2046,183.718045397818,"1","A","AR","CFE",64.3686658115576,5.63426532717944,253.720976536555,"1A Baseline","A. Base","1 Baseline","1_A_AR_CFE","CFE_AR","CFE_AR",116.915184044347,"4. Ext. Renovation & Electrification"
2047,180.905425250078,"1","A","AR","CFE",64.0976105735109,5.70163369559798,250.704669519187,"1A Baseline","A. Base","1 Baseline","1_A_AR_CFE","CFE_AR","CFE_AR",115.220654384799,"4. Ext. Renovation & Electrification"
2048,178.279257219417,"1","A","AR","CFE",63.8740748118167,5.66699118057569,247.82032321181,"1A Baseline","A. Base","1 Baseline","1_A_AR_CFE","CFE_AR","CFE_AR",113.278918897146,"4. Ext. Renovation & Electrification"
2049,175.777827091849,"1","A","AR","CFE",63.6757381844097,5.71261717813034,245.166182454389,"1A Baseline","A. Base","1 Baseline","1_A_AR_CFE","CFE_AR","CFE_AR",111.324067367611,"4. Ext. Renovation & Electrification"
2050,173.339420653385,"1","A","AR","CFE",63.5048088205094,5.75434161846286,242.598571092358,"1A Baseline","A. Base","1 Baseline","1_A_AR_CFE","CFE_AR","CFE_AR",109.26166628643,"4. Ext. Renovation & Electrification"
2051,170.916406624854,"1","A","AR","CFE",63.3388511844013,5.19705041138896,239.452308220645,"1A Baseline","A. Base","1 Baseline","1_A_AR_CFE","CFE_AR","CFE_AR",107.180610743572,"4. Ext. Renovation & Electrification"
2052,168.517485466353,"1","A","AR","CFE",63.198148972934,5.0620527731529,236.777687212439,"1A Baseline","A. Base","1 Baseline","1_A_AR_CFE","CFE_AR","CFE_AR",104.770728537499,"4. Ext. Renovation & Electrification"
2053,166.165440572793,"1","A","AR","CFE",63.0456101160477,5.05482082500353,234.265871513844,"1A Baseline","A. Base","1 Baseline","1_A_AR_CFE","CFE_AR","CFE_AR",102.581380080829,"4. Ext. Renovation & Electrification"
2054,163.883055339089,"1","A","AR","CFE",62.9359640874558,4.97998706943871,231.799006495984,"1A Baseline","A. Base","1 Baseline","1_A_AR_CFE","CFE_AR","CFE_AR",100.388596923891,"4. Ext. Renovation & Electrification"
2055,161.693113160154,"1","A","AR","CFE",62.8249622613938,5.05412777986356,229.572203201411,"1A Baseline","A. Base","1 Baseline","1_A_AR_CFE","CFE_AR","CFE_AR",98.2002419163128,"4. Ext. Renovation & Electrification"
2056,159.615580843937,"1","A","AR","CFE",62.7248692565005,4.46085491888604,226.801305019323,"1A Baseline","A. Base","1 Baseline","1_A_AR_CFE","CFE_AR","CFE_AR",96.0143097880601,"4. Ext. Renovation & Electrification"
2057,157.659158850535,"1","A","AR","CFE",62.6175299012421,4.50346678053389,224.780155532311,"1A Baseline","A. Base","1 Baseline","1_A_AR_CFE","CFE_AR","CFE_AR",93.9224006215467,"4. Ext. Renovation & Electrification"
2058,155.82973105308,"1","A","AR","CFE",62.5304241485422,4.42052139712797,222.78067659875,"1A Baseline","A. Base","1 Baseline","1_A_AR_CFE","CFE_AR","CFE_AR",91.7177111784134,"4. Ext. Renovation & Electrification"
2059,154.133181324706,"1","A","AR","CFE",62.5270916960586,4.35121485885434,221.011487879619,"1A Baseline","A. Base","1 Baseline","1_A_AR_CFE","CFE_AR","CFE_AR",89.787352420238,"4. Ext. Renovation & Electrification"
2060,152.575393538545,"1","A","AR","CFE",62.5270916960586,4.45527072105352,219.557755955657,"1A Baseline","A. Base","1 Baseline","1_A_AR_CFE","CFE_AR","CFE_AR",87.8765942207162,"4. Ext. Renovation & Electrification"
2020,807.37282925344,"1","A","ER","CFE",88.586691650616,0,895.959520904056,"1A Baseline","A. Base","1 Baseline","1_A_ER_CFE","CFE_ER","CFE_ER",0,"5. Increased Electrification (NHC)"
2021,810.24811786641,"1","A","ER","CFE",89.0246468076464,8.71653048524696,907.989295159304,"1A Baseline","A. Base","1 Baseline","1_A_ER_CFE","CFE_ER","CFE_ER",0.141713159434175,"5. Increased Electrification (NHC)"
2022,803.052806130399,"1","A","ER","CFE",89.010226446971,8.56788158894388,900.630914166314,"1A Baseline","A. Base","1 Baseline","1_A_ER_CFE","CFE_ER","CFE_ER",0.33050898752208,"5. Increased Electrification (NHC)"
2023,787.090528382764,"1","A","ER","CFE",88.7376558807369,8.81685662384657,884.645040887348,"1A Baseline","A. Base","1 Baseline","1_A_ER_CFE","CFE_ER","CFE_ER",0.569978892499535,"5. Increased Electrification (NHC)"
2024,763.664918960864,"1","A","ER","CFE",88.085176954907,8.70026719677327,860.450363112544,"1A Baseline","A. Base","1 Baseline","1_A_ER_CFE","CFE_ER","CFE_ER",0.863714282602359,"5. Increased Electrification (NHC)"
2025,734.079612202057,"1","A","ER","CFE",87.2382868065231,8.55614018008387,829.874039188663,"1A Baseline","A. Base","1 Baseline","1_A_ER_CFE","CFE_ER","CFE_ER",1.21530656606626,"5. Increased Electrification (NHC)"
2026,688.400004133718,"1","A","ER","CFE",85.9976070522843,8.05470906263687,782.452320248639,"1A Baseline","A. Base","1 Baseline","1_A_ER_CFE","CFE_ER","CFE_ER",1.66547644797504,"5. Increased Electrification (NHC)"
2027,635.359016693991,"1","A","ER","CFE",84.6086097485034,7.91326923897301,727.880895681467,"1A Baseline","A. Base","1 Baseline","1_A_ER_CFE","CFE_ER","CFE_ER",2.26169117053689,"5. Increased Electrification (NHC)"
2028,575.793348768448,"1","A","ER","CFE",83.1474092986938,8.05945974641668,667.000217813558,"1A Baseline","A. Base","1 Baseline","1_A_ER_CFE","CFE_ER","CFE_ER",3.05933130890458,"5. Increased Electrification (NHC)"
2029,510.539699242663,"1","A","ER","CFE",81.5663308390196,8.01337973403794,600.11940981572,"1A Baseline","A. Base","1 Baseline","1_A_ER_CFE","CFE_ER","CFE_ER",4.11377743823095,"5. Increased Electrification (NHC)"
2030,440.434767002208,"1","A","ER","CFE",80.0335493211204,8.12027406995261,528.588590393281,"1A Baseline","A. Base","1 Baseline","1_A_ER_CFE","CFE_ER","CFE_ER",5.48041013366947,"5. Increased Electrification (NHC)"
2031,366.931237801634,"1","A","ER","CFE",78.5801707989202,7.47700430443599,452.988412904991,"1A Baseline","A. Base","1 Baseline","1_A_ER_CFE","CFE_ER","CFE_ER",7.183282355811,"5. Increased Electrification (NHC)"
2032,293.945744871399,"1","A","ER","CFE",77.1555866149206,7.44922938534502,378.550560871665,"1A Baseline","A. Base","1 Baseline","1_A_ER_CFE","CFE_ER","CFE_ER",9.12113660700186,"5. Increased Electrification (NHC)"
2033,226.010908310938,"1","A","ER","CFE",75.7364490223684,7.48866913419763,309.236026467505,"1A Baseline","A. Base","1 Baseline","1_A_ER_CFE","CFE_ER","CFE_ER",11.1613877750267,"5. Increased Electrification (NHC)"
2034,167.659348219687,"1","A","ER","CFE",74.416886128173,7.57556400945154,249.651798357311,"1A Baseline","A. Base","1 Baseline","1_A_ER_CFE","CFE_ER","CFE_ER",13.1714507476701,"5. Increased Electrification (NHC)"
2035,123.423684697079,"1","A","ER","CFE",73.1072321543898,7.49799835598043,204.028915207449,"1A Baseline","A. Base","1 Baseline","1_A_ER_CFE","CFE_ER","CFE_ER",15.0187404127167,"5. Increased Electrification (NHC)"
2036,113.73660641369,"1","A","ER","CFE",71.8635784675221,6.9414033748259,192.541588256038,"1A Baseline","A. Base","1 Baseline","1_A_ER_CFE","CFE_ER","CFE_ER",16.3461495943209,"5. Increased Electrification (NHC)"
2037,105.033459403075,"1","A","ER","CFE",70.6680854745326,6.98776249575412,182.689307373362,"1A Baseline","A. Base","1 Baseline","1_A_ER_CFE","CFE_ER","CFE_ER",17.628043766295,"5. Increased Electrification (NHC)"
2038,97.3059576944149,"1","A","ER","CFE",69.4689886874411,6.99078936951623,173.765735751372,"1A Baseline","A. Base","1 Baseline","1_A_ER_CFE","CFE_ER","CFE_ER",18.8545872228963,"5. Increased Electrification (NHC)"
2039,90.5458153168899,"1","A","ER","CFE",68.4384202976019,6.90869505153335,165.892930666025,"1A Baseline","A. Base","1 Baseline","1_A_ER_CFE","CFE_ER","CFE_ER",20.0159442583818,"5. Increased Electrification (NHC)"
2040,84.7447462996807,"1","A","ER","CFE",67.4991129258941,6.92091388687718,159.164773112452,"1A Baseline","A. Base","1 Baseline","1_A_ER_CFE","CFE_ER","CFE_ER",21.1022791670088,"5. Increased Electrification (NHC)"
2041,79.8808995099031,"1","A","ER","CFE",66.6795658064305,6.40247689954701,152.962942215881,"1A Baseline","A. Base","1 Baseline","1_A_ER_CFE","CFE_ER","CFE_ER",22.1097442824426,"5. Increased Electrification (NHC)"
2042,75.8781631664147,"1","A","ER","CFE",66.0141610814717,6.30194767247215,148.194271920359,"1A Baseline","A. Base","1 Baseline","1_A_ER_CFE","CFE_ER","CFE_ER",23.0584440959805,"5. Increased Electrification (NHC)"
2043,72.646860326008,"1","A","ER","CFE",65.4480873496957,6.39832067395721,144.493268349661,"1A Baseline","A. Base","1 Baseline","1_A_ER_CFE","CFE_ER","CFE_ER",23.9744711383281,"5. Increased Electrification (NHC)"
2044,70.0973140454758,"1","A","ER","CFE",64.9931183089035,6.42418964694601,141.514622001325,"1A Baseline","A. Base","1 Baseline","1_A_ER_CFE","CFE_ER","CFE_ER",24.883917940191,"5. Increased Electrification (NHC)"
2045,68.1398473816108,"1","A","ER","CFE",64.6806484593056,6.27842784570913,139.098923686626,"1A Baseline","A. Base","1 Baseline","1_A_ER_CFE","CFE_ER","CFE_ER",25.8128770322745,"5. Increased Electrification (NHC)"
2046,66.6849220802531,"1","A","ER","CFE",64.3686658115576,5.75220460039748,136.805792492208,"1A Baseline","A. Base","1 Baseline","1_A_ER_CFE","CFE_ER","CFE_ER",26.7778263256764,"5. Increased Electrification (NHC)"
2047,65.6435546434323,"1","A","ER","CFE",64.0976105735109,5.74284991744394,135.484015134387,"1A Baseline","A. Base","1 Baseline","1_A_ER_CFE","CFE_ER","CFE_ER",27.7567852530632,"5. Increased Electrification (NHC)"
2048,64.9269002622254,"1","A","ER","CFE",63.8740748118167,5.74042924062129,134.541404314663,"1A Baseline","A. Base","1 Baseline","1_A_ER_CFE","CFE_ER","CFE_ER",28.7181586274937,"5. Increased Electrification (NHC)"
2049,64.4461141277093,"1","A","ER","CFE",63.6757381844097,5.72026277465883,133.842115086778,"1A Baseline","A. Base","1 Baseline","1_A_ER_CFE","CFE_ER","CFE_ER",29.6303512620267,"5. Increased Electrification (NHC)"
2050,64.1123514309612,"1","A","ER","CFE",63.5048088205094,5.71974455445719,133.336904805928,"1A Baseline","A. Base","1 Baseline","1_A_ER_CFE","CFE_ER","CFE_ER",30.4617679697208,"5. Increased Electrification (NHC)"
2051,63.8525760677747,"1","A","ER","CFE",63.3388511844013,5.08027022489647,132.271697477072,"1A Baseline","A. Base","1 Baseline","1_A_ER_CFE","CFE_ER","CFE_ER",31.190175476519,"5. Increased Electrification (NHC)"
2052,63.6569867528095,"1","A","ER","CFE",63.198148972934,5.15182294919698,132.00695867494,"1A Baseline","A. Base","1 Baseline","1_A_ER_CFE","CFE_ER","CFE_ER",31.8307881599007,"5. Increased Electrification (NHC)"
2053,63.5315909054422,"1","A","ER","CFE",63.0456101160477,5.10729041152507,131.684491433015,"1A Baseline","A. Base","1 Baseline","1_A_ER_CFE","CFE_ER","CFE_ER",32.4081823102297,"5. Increased Electrification (NHC)"
2054,63.4823959450493,"1","A","ER","CFE",62.9359640874558,4.99204953958767,131.410409572093,"1A Baseline","A. Base","1 Baseline","1_A_ER_CFE","CFE_ER","CFE_ER",32.9469342178698,"5. Increased Electrification (NHC)"
2055,63.5154092910073,"1","A","ER","CFE",62.8249622613938,5.03158973269731,131.371961285098,"1A Baseline","A. Base","1 Baseline","1_A_ER_CFE","CFE_ER","CFE_ER",33.4716201731844,"5. Increased Electrification (NHC)"
2056,63.6334766217493,"1","A","ER","CFE",62.7248692565005,4.42864935301361,130.786995231263,"1A Baseline","A. Base","1 Baseline","1_A_ER_CFE","CFE_ER","CFE_ER",34.0049440839604,"5. Increased Electrification (NHC)"
2057,63.8267966519353,"1","A","ER","CFE",62.6175299012421,4.41342835758665,130.857754910764,"1A Baseline","A. Base","1 Baseline","1_A_ER_CFE","CFE_ER","CFE_ER",34.5621203276775,"5. Increased Electrification (NHC)"
2058,64.0824063552818,"1","A","ER","CFE",62.5304241485422,4.45013491651289,131.062965420337,"1A Baseline","A. Base","1 Baseline","1_A_ER_CFE","CFE_ER","CFE_ER",35.1564908992382,"5. Increased Electrification (NHC)"
2059,64.3873427055054,"1","A","ER","CFE",62.5270916960586,4.30970105781679,131.224135459381,"1A Baseline","A. Base","1 Baseline","1_A_ER_CFE","CFE_ER","CFE_ER",35.8013977935452,"5. Increased Electrification (NHC)"
2060,64.7286426763227,"1","A","ER","CFE",62.5270916960586,4.42542736255954,131.681161734941,"1A Baseline","A. Base","1 Baseline","1_A_ER_CFE","CFE_ER","CFE_ER",36.5101830055014,"5. Increased Electrification (NHC)"
2020,807.37282925344,"1","C","ER","CFE",88.586691650616,0,895.959520904056,"1C Baseline IE","C. IE","1 Baseline","1_C_ER_CFE","CFE_ER","CFE_ER",18.6292981765573,"6. Reduced Floor Area (NHC)"
2021,810.106404706976,"1","C","ER","CFE",89.0246468076464,8.71653048524696,907.847581999869,"1C Baseline IE","C. IE","1 Baseline","1_C_ER_CFE","CFE_ER","CFE_ER",19.5582628600654,"6. Reduced Floor Area (NHC)"
2022,802.722297142877,"1","C","ER","CFE",89.010226446971,8.56788158894388,900.300405178792,"1C Baseline IE","C. IE","1 Baseline","1_C_ER_CFE","CFE_ER","CFE_ER",20.3311173730339,"6. Reduced Floor Area (NHC)"
2023,786.520549490265,"1","C","ER","CFE",88.7376558807369,8.81685662384657,884.075061994848,"1C Baseline IE","C. IE","1 Baseline","1_C_ER_CFE","CFE_ER","CFE_ER",20.9745510208745,"6. Reduced Floor Area (NHC)"
2024,762.801204678261,"1","C","ER","CFE",88.085176954907,8.70026719677327,859.586648829942,"1C Baseline IE","C. IE","1 Baseline","1_C_ER_CFE","CFE_ER","CFE_ER",21.4565835426794,"6. Reduced Floor Area (NHC)"
2025,732.86430563599,"1","C","ER","CFE",87.2382868065231,8.55614018008387,828.658732622597,"1C Baseline IE","C. IE","1 Baseline","1_C_ER_CFE","CFE_ER","CFE_ER",21.8187535073644,"6. Reduced Floor Area (NHC)"
2026,686.734527685743,"1","C","ER","CFE",85.9976070522843,8.05470906263687,780.786843800664,"1C Baseline IE","C. IE","1 Baseline","1_C_ER_CFE","CFE_ER","CFE_ER",21.9729176275873,"6. Reduced Floor Area (NHC)"
2027,633.097325523454,"1","C","ER","CFE",84.6086097485034,7.91326923897301,725.61920451093,"1C Baseline IE","C. IE","1 Baseline","1_C_ER_CFE","CFE_ER","CFE_ER",21.9767189066268,"6. Reduced Floor Area (NHC)"
2028,572.734017459543,"1","C","ER","CFE",83.1474092986938,8.05945974641668,663.940886504654,"1C Baseline IE","C. IE","1 Baseline","1_C_ER_CFE","CFE_ER","CFE_ER",21.8068434907749,"6. Reduced Floor Area (NHC)"
2029,506.425921804432,"1","C","ER","CFE",81.5663308390196,8.01337973403794,596.005632377489,"1C Baseline IE","C. IE","1 Baseline","1_C_ER_CFE","CFE_ER","CFE_ER",21.4132759298195,"6. Reduced Floor Area (NHC)"
2030,434.954356868539,"1","C","ER","CFE",80.0335493211204,8.12027406995261,523.108180259612,"1C Baseline IE","C. IE","1 Baseline","1_C_ER_CFE","CFE_ER","CFE_ER",20.8163129132593,"6. Reduced Floor Area (NHC)"
2031,359.747955445823,"1","C","ER","CFE",78.5801707989202,7.47700430443599,445.80513054918,"1C Baseline IE","C. IE","1 Baseline","1_C_ER_CFE","CFE_ER","CFE_ER",20.0213321470674,"6. Reduced Floor Area (NHC)"
2032,284.824608264398,"1","C","ER","CFE",77.1555866149206,7.44922938534502,369.429424264663,"1C Baseline IE","C. IE","1 Baseline","1_C_ER_CFE","CFE_ER","CFE_ER",19.0831930630862,"6. Reduced Floor Area (NHC)"
2033,214.849520535912,"1","C","ER","CFE",75.7364490223684,7.48866913419763,298.074638692478,"1C Baseline IE","C. IE","1 Baseline","1_C_ER_CFE","CFE_ER","CFE_ER",18.1052956163518,"6. Reduced Floor Area (NHC)"
2034,154.487897472017,"1","C","ER","CFE",74.416886128173,7.57556400945154,236.480347609641,"1C Baseline IE","C. IE","1 Baseline","1_C_ER_CFE","CFE_ER","CFE_ER",17.2003015153698,"6. Reduced Floor Area (NHC)"
2035,108.404944284362,"1","C","ER","CFE",73.1072321543898,7.49799835598043,189.010174794733,"1C Baseline IE","C. IE","1 Baseline","1_C_ER_CFE","CFE_ER","CFE_ER",16.4438215558044,"6. Reduced Floor Area (NHC)"
2036,97.3904568193691,"1","C","ER","CFE",71.8635784675221,6.9414033748259,176.195438661717,"1C Baseline IE","C. IE","1 Baseline","1_C_ER_CFE","CFE_ER","CFE_ER",16.1676458688101,"6. Reduced Floor Area (NHC)"
2037,87.4054156367802,"1","C","ER","CFE",70.6680854745326,6.98776249575412,165.061263607067,"1C Baseline IE","C. IE","1 Baseline","1_C_ER_CFE","CFE_ER","CFE_ER",15.9141262859499,"6. Reduced Floor Area (NHC)"
2038,78.4513704715187,"1","C","ER","CFE",69.4689886874411,6.99078936951623,154.911148528476,"1C Baseline IE","C. IE","1 Baseline","1_C_ER_CFE","CFE_ER","CFE_ER",15.6658241058115,"6. Reduced Floor Area (NHC)"
2039,70.5298710585081,"1","C","ER","CFE",68.4384202976019,6.90869505153335,145.876986407643,"1C Baseline IE","C. IE","1 Baseline","1_C_ER_CFE","CFE_ER","CFE_ER",15.4492381748811,"6. Reduced Floor Area (NHC)"
2040,63.6424671326718,"1","C","ER","CFE",67.4991129258941,6.92091388687718,138.062493945443,"1C Baseline IE","C. IE","1 Baseline","1_C_ER_CFE","CFE_ER","CFE_ER",15.2509415244904,"6. Reduced Floor Area (NHC)"
2041,57.7711552274606,"1","C","ER","CFE",66.6795658064305,6.40247689954701,130.853197933438,"1C Baseline IE","C. IE","1 Baseline","1_C_ER_CFE","CFE_ER","CFE_ER",15.0746787583947,"6. Reduced Floor Area (NHC)"
2042,52.8197190704342,"1","C","ER","CFE",66.0141610814717,6.30194767247215,125.135827824378,"1C Baseline IE","C. IE","1 Baseline","1_C_ER_CFE","CFE_ER","CFE_ER",14.9318460282427,"6. Reduced Floor Area (NHC)"
2043,48.6723891876798,"1","C","ER","CFE",65.4480873496957,6.39832067395721,120.518797211333,"1C Baseline IE","C. IE","1 Baseline","1_C_ER_CFE","CFE_ER","CFE_ER",14.807199608657,"6. Reduced Floor Area (NHC)"
2044,45.2133961052849,"1","C","ER","CFE",64.9931183089035,6.42418964694601,116.630704061134,"1C Baseline IE","C. IE","1 Baseline","1_C_ER_CFE","CFE_ER","CFE_ER",14.701610820271,"6. Reduced Floor Area (NHC)"
2045,42.3269703493364,"1","C","ER","CFE",64.6806484593056,6.27842784570913,113.286046654351,"1C Baseline IE","C. IE","1 Baseline","1_C_ER_CFE","CFE_ER","CFE_ER",14.6311015690397,"6. Reduced Floor Area (NHC)"
2046,39.9070957545767,"1","C","ER","CFE",64.3686658115576,5.75220460039748,110.027966166532,"1C Baseline IE","C. IE","1 Baseline","1_C_ER_CFE","CFE_ER","CFE_ER",14.5613614955366,"6. Reduced Floor Area (NHC)"
2047,37.8867693903691,"1","C","ER","CFE",64.0976105735109,5.74284991744394,107.727229881324,"1C Baseline IE","C. IE","1 Baseline","1_C_ER_CFE","CFE_ER","CFE_ER",14.499869005308,"6. Reduced Floor Area (NHC)"
2048,36.2087416347316,"1","C","ER","CFE",63.8740748118167,5.74042924062129,105.82324568717,"1C Baseline IE","C. IE","1 Baseline","1_C_ER_CFE","CFE_ER","CFE_ER",14.4500078509547,"6. Reduced Floor Area (NHC)"
2049,34.8157628656827,"1","C","ER","CFE",63.6757381844097,5.72026277465883,104.211763824751,"1C Baseline IE","C. IE","1 Baseline","1_C_ER_CFE","CFE_ER","CFE_ER",14.405490960096,"6. Reduced Floor Area (NHC)"
2050,33.6505834612405,"1","C","ER","CFE",63.5048088205094,5.71974455445719,102.875136836207,"1C Baseline IE","C. IE","1 Baseline","1_C_ER_CFE","CFE_ER","CFE_ER",14.3673673717457,"6. Reduced Floor Area (NHC)"
2051,32.6624005912557,"1","C","ER","CFE",63.3388511844013,5.08027022489647,101.081522000554,"1C Baseline IE","C. IE","1 Baseline","1_C_ER_CFE","CFE_ER","CFE_ER",14.3296635093387,"6. Reduced Floor Area (NHC)"
2052,31.8261985929088,"1","C","ER","CFE",63.198148972934,5.15182294919698,100.17617051504,"1C Baseline IE","C. IE","1 Baseline","1_C_ER_CFE","CFE_ER","CFE_ER",14.2965057574868,"6. Reduced Floor Area (NHC)"
2053,31.1234085952125,"1","C","ER","CFE",63.0456101160477,5.10729041152507,99.2763091227853,"1C Baseline IE","C. IE","1 Baseline","1_C_ER_CFE","CFE_ER","CFE_ER",14.2660108965438,"6. Reduced Floor Area (NHC)"
2054,30.5354617271796,"1","C","ER","CFE",62.9359640874558,4.99204953958767,98.463475354223,"1C Baseline IE","C. IE","1 Baseline","1_C_ER_CFE","CFE_ER","CFE_ER",14.2422598968432,"6. Reduced Floor Area (NHC)"
2055,30.043789117823,"1","C","ER","CFE",62.8249622613938,5.03158973269731,97.900341111914,"1C Baseline IE","C. IE","1 Baseline","1_C_ER_CFE","CFE_ER","CFE_ER",14.2184131269758,"6. Reduced Floor Area (NHC)"
2056,29.6285325377889,"1","C","ER","CFE",62.7248692565005,4.42864935301361,96.782051147303,"1C Baseline IE","C. IE","1 Baseline","1_C_ER_CFE","CFE_ER","CFE_ER",14.1975178571613,"6. Reduced Floor Area (NHC)"
2057,29.2646763242578,"1","C","ER","CFE",62.6175299012421,4.41342835758665,96.2956345830866,"1C Baseline IE","C. IE","1 Baseline","1_C_ER_CFE","CFE_ER","CFE_ER",14.1759141143565,"6. Reduced Floor Area (NHC)"
2058,28.9259154560436,"1","C","ER","CFE",62.5304241485422,4.45013491651289,95.9064745210987,"1C Baseline IE","C. IE","1 Baseline","1_C_ER_CFE","CFE_ER","CFE_ER",14.1570758772818,"6. Reduced Floor Area (NHC)"
2059,28.5859449119602,"1","C","ER","CFE",62.5270916960586,4.30970105781679,95.4227376658355,"1C Baseline IE","C. IE","1 Baseline","1_C_ER_CFE","CFE_ER","CFE_ER",14.1615876554063,"6. Reduced Floor Area (NHC)"
2060,28.2184596708213,"1","C","ER","CFE",62.5270916960586,4.42542736255954,95.1709787294394,"1C Baseline IE","C. IE","1 Baseline","1_C_ER_CFE","CFE_ER","CFE_ER",14.1578098282981,"6. Reduced Floor Area (NHC)"
2020,807.37282925344,"1","D","ER","CFE",69.9573934740587,0,877.330222727498,"1D Baseline IE & RFA","D. RFA + IE","1 Baseline","1_D_ER_CFE","CFE_ER","CFE_ER",8.13165076029838,"7. High Multifamily (HSE)"
2021,809.19132918796,"1","D","ER","CFE",70.381459466597,8.71653048524696,888.289319139804,"1D Baseline IE & RFA","D. RFA + IE","1 Baseline","1_D_ER_CFE","CFE_ER","CFE_ER",9.02068643120242,"7. High Multifamily (HSE)"
2022,800.982164066239,"1","D","ER","CFE",70.4192421505751,8.56788158894388,879.969287805758,"1D Baseline IE & RFA","D. RFA + IE","1 Baseline","1_D_ER_CFE","CFE_ER","CFE_ER",9.86588811358945,"7. High Multifamily (HSE)"
2023,784.040874091495,"1","D","ER","CFE",70.2427802586322,8.81685662384657,863.100510973974,"1D Baseline IE & RFA","D. RFA + IE","1 Baseline","1_D_ER_CFE","CFE_ER","CFE_ER",10.5627354724664,"7. High Multifamily (HSE)"
2024,759.662999466946,"1","D","ER","CFE",69.7667986235435,8.70026719677327,838.130065287262,"1D Baseline IE & RFA","D. RFA + IE","1 Baseline","1_D_ER_CFE","CFE_ER","CFE_ER",11.0626091570288,"7. High Multifamily (HSE)"
2025,729.14408039581,"1","D","ER","CFE",69.1397585393392,8.55614018008387,806.839979115233,"1D Baseline IE & RFA","D. RFA + IE","1 Baseline","1_D_ER_CFE","CFE_ER","CFE_ER",11.3931492037823,"7. High Multifamily (HSE)"
2026,682.539245581849,"1","D","ER","CFE",68.2199715285911,8.05470906263687,758.813926173077,"1D Baseline IE & RFA","D. RFA + IE","1 Baseline","1_D_ER_CFE","CFE_ER","CFE_ER",11.5787175244864,"7. High Multifamily (HSE)"
2027,628.554505345569,"1","D","ER","CFE",67.1747110197613,7.91326923897301,703.642485604303,"1D Baseline IE & RFA","D. RFA + IE","1 Baseline","1_D_ER_CFE","CFE_ER","CFE_ER",11.6582775892678,"7. High Multifamily (HSE)"
2028,568.003378675101,"1","D","ER","CFE",66.0712045923608,8.05945974641668,642.134043013879,"1D Baseline IE & RFA","D. RFA + IE","1 Baseline","1_D_ER_CFE","CFE_ER","CFE_ER",11.6524106338134,"7. High Multifamily (HSE)"
2029,501.699384558577,"1","D","ER","CFE",64.8795921550551,8.01337973403794,574.59235644767,"1D Baseline IE & RFA","D. RFA + IE","1 Baseline","1_D_ER_CFE","CFE_ER","CFE_ER",11.4248429458704,"7. High Multifamily (HSE)"
2030,430.456041984126,"1","D","ER","CFE",63.7155512922739,8.12027406995261,502.291867346352,"1D Baseline IE & RFA","D. RFA + IE","1 Baseline","1_D_ER_CFE","CFE_ER","CFE_ER",10.9326564765507,"7. High Multifamily (HSE)"
2031,355.711817111592,"1","D","ER","CFE",62.5949769860839,7.47700430443599,425.783798402112,"1D Baseline IE & RFA","D. RFA + IE","1 Baseline","1_D_ER_CFE","CFE_ER","CFE_ER",10.3151632705098,"7. High Multifamily (HSE)"
2032,281.40496478767,"1","D","ER","CFE",61.4920370285619,7.44922938534502,350.346231201577,"1D Baseline IE & RFA","D. RFA + IE","1 Baseline","1_D_ER_CFE","CFE_ER","CFE_ER",9.51414649316877,"7. High Multifamily (HSE)"
2033,212.098687030765,"1","D","ER","CFE",60.3819869111635,7.48866913419763,279.969343076126,"1D Baseline IE & RFA","D. RFA + IE","1 Baseline","1_D_ER_CFE","CFE_ER","CFE_ER",8.66598316026631,"7. High Multifamily (HSE)"
2034,152.356185859284,"1","D","ER","CFE",59.3482962255359,7.57556400945154,219.280046094271,"1D Baseline IE & RFA","D. RFA + IE","1 Baseline","1_D_ER_CFE","CFE_ER","CFE_ER",7.8350834261002,"7. High Multifamily (HSE)"
2035,106.740663291633,"1","D","ER","CFE",58.3276915913145,7.49799835598043,172.566353238928,"1D Baseline IE & RFA","D. RFA + IE","1 Baseline","1_D_ER_CFE","CFE_ER","CFE_ER",7.15634517319424,"7. High Multifamily (HSE)"
2036,95.7320086393791,"1","D","ER","CFE",57.3543807787021,6.9414033748259,160.027792792907,"1D Baseline IE & RFA","D. RFA + IE","1 Baseline","1_D_ER_CFE","CFE_ER","CFE_ER",6.86012615056197,"7. High Multifamily (HSE)"
2037,85.7421652995133,"1","D","ER","CFE",56.4172095258496,6.98776249575412,149.147137321117,"1D Baseline IE & RFA","D. RFA + IE","1 Baseline","1_D_ER_CFE","CFE_ER","CFE_ER",6.61831468674055,"7. High Multifamily (HSE)"
2038,76.7766445276894,"1","D","ER","CFE",55.4778905254589,6.99078936951623,139.245324422665,"1D Baseline IE & RFA","D. RFA + IE","1 Baseline","1_D_ER_CFE","CFE_ER","CFE_ER",6.38000588249139,"7. High Multifamily (HSE)"
2039,68.8409575795611,"1","D","ER","CFE",54.6780956016678,6.90869505153335,130.427748232762,"1D Baseline IE & RFA","D. RFA + IE","1 Baseline","1_D_ER_CFE","CFE_ER","CFE_ER",6.12786114510988,"7. High Multifamily (HSE)"
2040,61.940615710782,"1","D","ER","CFE",53.9500228232935,6.92091388687718,122.811552420953,"1D Baseline IE & RFA","D. RFA + IE","1 Baseline","1_D_ER_CFE","CFE_ER","CFE_ER",5.54723596258519,"7. High Multifamily (HSE)"
2041,56.0607143977034,"1","D","ER","CFE",53.3153278777929,6.40247689954701,115.778519175043,"1D Baseline IE & RFA","D. RFA + IE","1 Baseline","1_D_ER_CFE","CFE_ER","CFE_ER",5.40560021008697,"7. High Multifamily (HSE)"
2042,51.104685999467,"1","D","ER","CFE",52.7973481241962,6.30194767247215,110.203981796135,"1D Baseline IE & RFA","D. RFA + IE","1 Baseline","1_D_ER_CFE","CFE_ER","CFE_ER",5.31114552344289,"7. High Multifamily (HSE)"
2043,46.9555470959117,"1","D","ER","CFE",52.3577298328068,6.39832067395721,105.711597602676,"1D Baseline IE & RFA","D. RFA + IE","1 Baseline","1_D_ER_CFE","CFE_ER","CFE_ER",5.23973702628525,"7. High Multifamily (HSE)"
2044,43.4963142668769,"1","D","ER","CFE",52.0085893270404,6.42418964694601,101.929093240863,"1D Baseline IE & RFA","D. RFA + IE","1 Baseline","1_D_ER_CFE","CFE_ER","CFE_ER",5.1822777645698,"7. High Multifamily (HSE)"
2045,40.6100040922018,"1","D","ER","CFE",51.7665131474005,6.27842784570913,98.6549450853114,"1D Baseline IE & RFA","D. RFA + IE","1 Baseline","1_D_ER_CFE","CFE_ER","CFE_ER",5.16897765470981,"7. High Multifamily (HSE)"
2046,38.1896653542705,"1","D","ER","CFE",51.5247347163273,5.75220460039748,95.4666046709953,"1D Baseline IE & RFA","D. RFA + IE","1 Baseline","1_D_ER_CFE","CFE_ER","CFE_ER",5.17661983205177,"7. High Multifamily (HSE)"
2047,36.1684756456485,"1","D","ER","CFE",51.3160353129235,5.74284991744394,93.2273608760159,"1D Baseline IE & RFA","D. RFA + IE","1 Baseline","1_D_ER_CFE","CFE_ER","CFE_ER",5.17969683598226,"7. High Multifamily (HSE)"
2048,34.4896447614459,"1","D","ER","CFE",51.1431638341478,5.74042924062129,91.3732378362149,"1D Baseline IE & RFA","D. RFA + IE","1 Baseline","1_D_ER_CFE","CFE_ER","CFE_ER",5.1823645158893,"7. High Multifamily (HSE)"
2049,33.0963824967731,"1","D","ER","CFE",50.9896275932233,5.72026277465883,89.8062728646552,"1D Baseline IE & RFA","D. RFA + IE","1 Baseline","1_D_ER_CFE","CFE_ER","CFE_ER",5.20584183751399,"7. High Multifamily (HSE)"
2050,31.9318986467404,"1","D","ER","CFE",50.8561262632638,5.71974455445719,88.5077694644613,"1D Baseline IE & RFA","D. RFA + IE","1 Baseline","1_D_ER_CFE","CFE_ER","CFE_ER",5.20100049954289,"7. High Multifamily (HSE)"
2051,30.945726242774,"1","D","ER","CFE",50.7258620235444,5.08027022489647,86.7518584912148,"1D Baseline IE & RFA","D. RFA + IE","1 Baseline","1_D_ER_CFE","CFE_ER","CFE_ER",5.19538640005732,"7. High Multifamily (HSE)"
2052,30.1126912615633,"1","D","ER","CFE",50.6151505467927,5.15182294919698,85.879664757553,"1D Baseline IE & RFA","D. RFA + IE","1 Baseline","1_D_ER_CFE","CFE_ER","CFE_ER",5.1765247648397,"7. High Multifamily (HSE)"
2053,29.4139429161135,"1","D","ER","CFE",50.4890648986028,5.10729041152507,85.0102982262414,"1D Baseline IE & RFA","D. RFA + IE","1 Baseline","1_D_ER_CFE","CFE_ER","CFE_ER",5.16210769032489,"7. High Multifamily (HSE)"
2054,28.8306304194298,"1","D","ER","CFE",50.3985354983624,4.99204953958767,84.2212154573799,"1D Baseline IE & RFA","D. RFA + IE","1 Baseline","1_D_ER_CFE","CFE_ER","CFE_ER",5.16267349353606,"7. High Multifamily (HSE)"
2055,28.3439029845174,"1","D","ER","CFE",50.3064352677235,5.03158973269731,83.6819279849382,"1D Baseline IE & RFA","D. RFA + IE","1 Baseline","1_D_ER_CFE","CFE_ER","CFE_ER",5.17558180030497,"7. High Multifamily (HSE)"
2056,27.9336451771184,"1","D","ER","CFE",50.2222387600097,4.42864935301361,82.5845332901417,"1D Baseline IE & RFA","D. RFA + IE","1 Baseline","1_D_ER_CFE","CFE_ER","CFE_ER",5.16981331060663,"7. High Multifamily (HSE)"
2057,27.5746829739221,"1","D","ER","CFE",50.1316091372213,4.41342835758665,82.1197204687301,"1D Baseline IE & RFA","D. RFA + IE","1 Baseline","1_D_ER_CFE","CFE_ER","CFE_ER",5.18295130874867,"7. High Multifamily (HSE)"
2058,27.2405777043549,"1","D","ER","CFE",50.0586860229491,4.45013491651289,81.7493986438169,"1D Baseline IE & RFA","D. RFA + IE","1 Baseline","1_D_ER_CFE","CFE_ER","CFE_ER",5.19381188520272,"7. High Multifamily (HSE)"
2059,26.9048906978428,"1","D","ER","CFE",50.0465582547696,4.30970105781679,81.2611500104292,"1D Baseline IE & RFA","D. RFA + IE","1 Baseline","1_D_ER_CFE","CFE_ER","CFE_ER",5.21214913182584,"7. High Multifamily (HSE)"
2060,26.5411832838122,"1","D","ER","CFE",50.0465582547696,4.42542736255954,81.0131689011414,"1D Baseline IE & RFA","D. RFA + IE","1 Baseline","1_D_ER_CFE","CFE_ER","CFE_ER",5.21635319397228,"7. High Multifamily (HSE)"
2020,807.37282925344,"3","D","ER","CFE",61.8257427137602,0,869.1985719672,"3D High Multifamily IE & RFA","D. RFA + IE","3 Hi Multifamily","3_D_ER_CFE","CFE_ER","CFE_ER",869.1985719672,"8. Residual Emissions"
2021,808.245309615736,"3","D","ER","CFE",62.3008604073116,8.72246268555426,879.268632708602,"3D High Multifamily IE & RFA","D. RFA + IE","3 Hi Multifamily","3_D_ER_CFE","CFE_ER","CFE_ER",879.268632708602,"8. Residual Emissions"
2022,799.198658914321,"3","D","ER","CFE",62.3339875672517,8.57075321059618,870.103399692169,"3D High Multifamily IE & RFA","D. RFA + IE","3 Hi Multifamily","3_D_ER_CFE","CFE_ER","CFE_ER",870.103399692169,"8. Residual Emissions"
2023,781.520076443731,"3","D","ER","CFE",62.1970343390365,8.82066471873945,852.537775501507,"3D High Multifamily IE & RFA","D. RFA + IE","3 Hi Multifamily","3_D_ER_CFE","CFE_ER","CFE_ER",852.537775501507,"8. Residual Emissions"
2024,756.496761498504,"3","D","ER","CFE",61.8672078018547,8.70348682987454,827.067456130234,"3D High Multifamily IE & RFA","D. RFA + IE","3 Hi Multifamily","3_D_ER_CFE","CFE_ER","CFE_ER",827.067456130234,"8. Residual Emissions"
2025,725.415913373177,"3","D","ER","CFE",61.4734276472464,8.5574888910274,795.446829911451,"3D High Multifamily IE & RFA","D. RFA + IE","3 Hi Multifamily","3_D_ER_CFE","CFE_ER","CFE_ER",795.446829911451,"8. Residual Emissions"
2026,678.317533682833,"3","D","ER","CFE",60.8622747509919,8.05540021476516,747.23520864859,"3D High Multifamily IE & RFA","D. RFA + IE","3 Hi Multifamily","3_D_ER_CFE","CFE_ER","CFE_ER",747.23520864859,"8. Residual Emissions"
2027,623.962315786505,"3","D","ER","CFE",60.107985958275,7.9139062702554,691.984208015036,"3D High Multifamily IE & RFA","D. RFA + IE","3 Hi Multifamily","3_D_ER_CFE","CFE_ER","CFE_ER",691.984208015036,"8. Residual Emissions"
2028,563.196290472385,"3","D","ER","CFE",59.2244652047569,8.06087670292337,630.481632380066,"3D High Multifamily IE & RFA","D. RFA + IE","3 Hi Multifamily","3_D_ER_CFE","CFE_ER","CFE_ER",630.481632380066,"8. Residual Emissions"
2029,496.865488528666,"3","D","ER","CFE",58.2899611845058,8.0120637886273,563.167513501799,"3D High Multifamily IE & RFA","D. RFA + IE","3 Hi Multifamily","3_D_ER_CFE","CFE_ER","CFE_ER",563.167513501799,"8. Residual Emissions"
2030,425.815940743541,"3","D","ER","CFE",57.4224531267258,8.12081699953525,491.359210869802,"3D High Multifamily IE & RFA","D. RFA + IE","3 Hi Multifamily","3_D_ER_CFE","CFE_ER","CFE_ER",491.359210869802,"8. Residual Emissions"
2031,351.496531180999,"3","D","ER","CFE",56.4987744897422,7.47332946086124,415.468635131603,"3D High Multifamily IE & RFA","D. RFA + IE","3 Hi Multifamily","3_D_ER_CFE","CFE_ER","CFE_ER",415.468635131603,"8. Residual Emissions"
2032,277.767557008223,"3","D","ER","CFE",55.6232013177719,7.44132638241325,340.832084708408,"3D High Multifamily IE & RFA","D. RFA + IE","3 Hi Multifamily","3_D_ER_CFE","CFE_ER","CFE_ER",340.832084708408,"8. Residual Emissions"
2033,209.092168668192,"3","D","ER","CFE",54.7283057392651,7.48288550840311,271.30335991586,"3D High Multifamily IE & RFA","D. RFA + IE","3 Hi Multifamily","3_D_ER_CFE","CFE_ER","CFE_ER",271.30335991586,"8. Residual Emissions"
2034,149.933516603884,"3","D","ER","CFE",53.9389697245837,7.57247633970326,211.444962668171,"3D High Multifamily IE & RFA","D. RFA + IE","3 Hi Multifamily","3_D_ER_CFE","CFE_ER","CFE_ER",211.444962668171,"8. Residual Emissions"
2035,104.75475125828,"3","D","ER","CFE",53.1643030603683,7.49095374708568,165.410008065734,"3D High Multifamily IE & RFA","D. RFA + IE","3 Hi Multifamily","3_D_ER_CFE","CFE_ER","CFE_ER",165.410008065734,"8. Residual Emissions"
2036,93.7345754795489,"3","D","ER","CFE",52.5031265732063,6.92996458958983,153.167666642345,"3D High Multifamily IE & RFA","D. RFA + IE","3 Hi Multifamily","3_D_ER_CFE","CFE_ER","CFE_ER",153.167666642345,"8. Residual Emissions"
2037,83.7231083592944,"3","D","ER","CFE",51.8362047132121,6.96950956186996,142.528822634376,"3D High Multifamily IE & RFA","D. RFA + IE","3 Hi Multifamily","3_D_ER_CFE","CFE_ER","CFE_ER",142.528822634376,"8. Residual Emissions"
2038,74.7310980203679,"3","D","ER","CFE",51.152574689727,6.98164583007829,132.865318540173,"3D High Multifamily IE & RFA","D. RFA + IE","3 Hi Multifamily","3_D_ER_CFE","CFE_ER","CFE_ER",132.865318540173,"8. Residual Emissions"
2039,66.7692925856212,"3","D","ER","CFE",50.6373946653139,6.89319983671726,124.299887087652,"3D High Multifamily IE & RFA","D. RFA + IE","3 Hi Multifamily","3_D_ER_CFE","CFE_ER","CFE_ER",124.299887087652,"8. Residual Emissions"
2040,59.848440177906,"3","D","ER","CFE",50.5077700995408,6.90810618092065,117.264316458367,"3D High Multifamily IE & RFA","D. RFA + IE","3 Hi Multifamily","3_D_ER_CFE","CFE_ER","CFE_ER",117.264316458367,"8. Residual Emissions"
2041,53.9575152798716,"3","D","ER","CFE",50.0313196046652,6.38408408041951,110.372918964956,"3D High Multifamily IE & RFA","D. RFA + IE","3 Hi Multifamily","3_D_ER_CFE","CFE_ER","CFE_ER",110.372918964956,"8. Residual Emissions"
2042,48.9983978133586,"3","D","ER","CFE",49.6073791692894,6.28705929004441,104.892836272692,"3D High Multifamily IE & RFA","D. RFA + IE","3 Hi Multifamily","3_D_ER_CFE","CFE_ER","CFE_ER",104.892836272692,"8. Residual Emissions"
2043,44.8511940600052,"3","D","ER","CFE",49.2432979598485,6.37736855653685,100.471860576391,"3D High Multifamily IE & RFA","D. RFA + IE","3 Hi Multifamily","3_D_ER_CFE","CFE_ER","CFE_ER",100.471860576391,"8. Residual Emissions"
2044,41.3960103014494,"3","D","ER","CFE",48.9469722522528,6.40383292259133,96.7468154762936,"3D High Multifamily IE & RFA","D. RFA + IE","3 Hi Multifamily","3_D_ER_CFE","CFE_ER","CFE_ER",96.7468154762936,"8. Residual Emissions"
2045,38.5129528193295,"3","D","ER","CFE",48.7158856025651,6.25712900870694,93.4859674306016,"3D High Multifamily IE & RFA","D. RFA + IE","3 Hi Multifamily","3_D_ER_CFE","CFE_ER","CFE_ER",93.4859674306016,"8. Residual Emissions"
2046,36.0928260331363,"3","D","ER","CFE",48.471661793611,5.72549701219622,90.2899848389435,"3D High Multifamily IE & RFA","D. RFA + IE","3 Hi Multifamily","3_D_ER_CFE","CFE_ER","CFE_ER",90.2899848389435,"8. Residual Emissions"
2047,34.06922691377,"3","D","ER","CFE",48.2578893360229,5.72054779024073,88.0476640400337,"3D High Multifamily IE & RFA","D. RFA + IE","3 Hi Multifamily","3_D_ER_CFE","CFE_ER","CFE_ER",88.0476640400337,"8. Residual Emissions"
2048,32.3864505699838,"3","D","ER","CFE",48.0820288006598,5.72239394968207,86.1908733203256,"3D High Multifamily IE & RFA","D. RFA + IE","3 Hi Multifamily","3_D_ER_CFE","CFE_ER","CFE_ER",86.1908733203256,"8. Residual Emissions"
2049,30.9887921105305,"3","D","ER","CFE",47.9104219475566,5.70121696905411,84.6004310271412,"3D High Multifamily IE & RFA","D. RFA + IE","3 Hi Multifamily","3_D_ER_CFE","CFE_ER","CFE_ER",84.6004310271412,"8. Residual Emissions"
2050,29.820546644163,"3","D","ER","CFE",47.7869540266633,5.69926829409213,83.3067689649185,"3D High Multifamily IE & RFA","D. RFA + IE","3 Hi Multifamily","3_D_ER_CFE","CFE_ER","CFE_ER",83.3067689649185,"8. Residual Emissions"
2051,28.8320928569384,"3","D","ER","CFE",47.6668431445479,5.05753608967125,81.5564720911575,"3D High Multifamily IE & RFA","D. RFA + IE","3 Hi Multifamily","3_D_ER_CFE","CFE_ER","CFE_ER",81.5564720911575,"8. Residual Emissions"
2052,27.9981437441296,"3","D","ER","CFE",47.5775911135716,5.12740513501202,80.7031399927133,"3D High Multifamily IE & RFA","D. RFA + IE","3 Hi Multifamily","3_D_ER_CFE","CFE_ER","CFE_ER",80.7031399927133,"8. Residual Emissions"
2053,27.2994958783137,"3","D","ER","CFE",47.4637081779151,5.08498647968776,79.8481905359165,"3D High Multifamily IE & RFA","D. RFA + IE","3 Hi Multifamily","3_D_ER_CFE","CFE_ER","CFE_ER",79.8481905359165,"8. Residual Emissions"
2054,26.7169458320676,"3","D","ER","CFE",47.3653779630472,4.97621816872903,79.0585419638438,"3D High Multifamily IE & RFA","D. RFA + IE","3 Hi Multifamily","3_D_ER_CFE","CFE_ER","CFE_ER",79.0585419638438,"8. Residual Emissions"
2055,26.2312901779684,"3","D","ER","CFE",47.2582374462382,5.01681856042664,78.5063461846332,"3D High Multifamily IE & RFA","D. RFA + IE","3 Hi Multifamily","3_D_ER_CFE","CFE_ER","CFE_ER",78.5063461846332,"8. Residual Emissions"
2056,25.8221087731323,"3","D","ER","CFE",47.1785864296173,4.41402477678548,77.4147199795351,"3D High Multifamily IE & RFA","D. RFA + IE","3 Hi Multifamily","3_D_ER_CFE","CFE_ER","CFE_ER",77.4147199795351,"8. Residual Emissions"
2057,25.4641146128323,"3","D","ER","CFE",47.0758772894902,4.39677725765888,76.9367691599814,"3D High Multifamily IE & RFA","D. RFA + IE","3 Hi Multifamily","3_D_ER_CFE","CFE_ER","CFE_ER",76.9367691599814,"8. Residual Emissions"
2058,25.1308039768806,"3","D","ER","CFE",46.9889551765403,4.43582760519331,76.5555867586142,"3D High Multifamily IE & RFA","D. RFA + IE","3 Hi Multifamily","3_D_ER_CFE","CFE_ER","CFE_ER",76.5555867586142,"8. Residual Emissions"
2059,24.7956731450894,"3","D","ER","CFE",46.956962060237,4.29636567327693,76.0490008786033,"3D High Multifamily IE & RFA","D. RFA + IE","3 Hi Multifamily","3_D_ER_CFE","CFE_ER","CFE_ER",76.0490008786033,"8. Residual Emissions"
2060,24.4322183972709,"3","D","ER","CFE",46.956962060237,4.40763524966118,75.7968157071691,"3D High Multifamily IE & RFA","D. RFA + IE","3 Hi Multifamily","3_D_ER_CFE","CFE_ER","CFE_ER",75.7968157071691,"8. Residual Emissions"
